"DESCRIPTION","DURATION IN MS","NAME","PARENT SUITE","START TIME","STATUS","STOP TIME","SUB SUITE","SUITE","TEST CLASS","TEST METHOD"
"","17","Check the welcome message appearance","Tests","Sun Feb 09 03:21:33 GMT 2025","passed","Sun Feb 09 03:21:33 GMT 2025","TestSites","test_Sites","",""
"","3084","Check Historic sites","Tests","Sun Feb 09 03:21:42 GMT 2025","passed","Sun Feb 09 03:21:45 GMT 2025","TestSites","test_Sites","",""
"","14","Site information section title","Tests","Sun Feb 09 03:27:45 GMT 2025","passed","Sun Feb 09 03:27:46 GMT 2025","TestSites","test_Sites","",""
"","11028","Exhibit cards are not clickable","Tests","Sun Feb 09 03:27:59 GMT 2025","passed","Sun Feb 09 03:28:10 GMT 2025","TestSites","test_Sites","",""
"","9","Check get Involved description","Tests","Sun Feb 09 03:29:48 GMT 2025","passed","Sun Feb 09 03:29:48 GMT 2025","TestSponsorsPage","test_SponsorsPage","",""
"","27015","Site with only one photo","Tests","Sun Feb 09 03:25:25 GMT 2025","passed","Sun Feb 09 03:25:52 GMT 2025","TestSites","test_Sites","",""
"","0","Check for expired events","Tests","Sun Feb 09 03:19:06 GMT 2025","passed","Sun Feb 09 03:19:06 GMT 2025","TestEvents","test_Events","",""
"","10","Check Download section description","Tests","Sun Feb 09 03:19:34 GMT 2025","passed","Sun Feb 09 03:19:34 GMT 2025","TestHomePage","test_HomePage","",""
"","9472","Site with exhibits","Tests","Sun Feb 09 03:27:48 GMT 2025","passed","Sun Feb 09 03:27:58 GMT 2025","TestSites","test_Sites","",""
"","138","Check presented events in the events carousel","Tests","Sun Feb 09 03:19:46 GMT 2025","passed","Sun Feb 09 03:19:46 GMT 2025","TestHomePage","test_HomePage","",""
"","6824","Click on site carousel card","Tests","Sun Feb 09 03:19:37 GMT 2025","passed","Sun Feb 09 03:19:44 GMT 2025","TestHomePage","test_HomePage","",""
"","22","Check Download section analytic pairs","Tests","Sun Feb 09 03:19:34 GMT 2025","passed","Sun Feb 09 03:19:34 GMT 2025","TestHomePage","test_HomePage","",""
"","92804","Saved site icon on site cards","Tests","Sun Feb 09 03:23:16 GMT 2025","passed","Sun Feb 09 03:24:48 GMT 2025","TestSites","test_Sites","",""
"","65657","Scroll trough images","Tests","Sun Feb 09 03:16:21 GMT 2025","passed","Sun Feb 09 03:17:27 GMT 2025","TestAboutPage","test_AboutPage","",""
"","101","Populated message field","Tests","Sun Feb 09 03:18:21 GMT 2025","passed","Sun Feb 09 03:18:21 GMT 2025","TestContactPage","test_ContactPage","",""
"","6688","User is navigated to the Contact page","Tests","Sun Feb 09 03:18:12 GMT 2025","passed","Sun Feb 09 03:18:19 GMT 2025","TestContactPage","test_ContactPage","",""
"","12606","Check individual Historic site","Tests","Sun Feb 09 03:21:20 GMT 2025","passed","Sun Feb 09 03:21:32 GMT 2025","TestSites","test_Sites","",""
"","107","Check themes cards","Tests","Sun Feb 09 03:15:14 GMT 2025","passed","Sun Feb 09 03:15:14 GMT 2025","TestAboutPage","test_AboutPage","",""
"","56900","Scroll images with buttons","Tests","Sun Feb 09 03:15:38 GMT 2025","passed","Sun Feb 09 03:16:35 GMT 2025","TestAboutPage","test_AboutPage","",""
"","5260","Click on an event","Tests","Sun Feb 09 03:19:41 GMT 2025","passed","Sun Feb 09 03:19:46 GMT 2025","TestEvents","test_Events","",""
"","11782","Site with more than one photo","Tests","Sun Feb 09 03:24:46 GMT 2025","passed","Sun Feb 09 03:24:58 GMT 2025","TestSites","test_Sites","",""
"","20","Site information about section","Tests","Sun Feb 09 03:26:39 GMT 2025","passed","Sun Feb 09 03:26:39 GMT 2025","TestSites","test_Sites","",""
"","10","Check Hero Banner image","Tests","Sun Feb 09 03:19:27 GMT 2025","passed","Sun Feb 09 03:19:27 GMT 2025","TestHomePage","test_HomePage","",""
"","17","FAQ section appearance","Tests","Sun Feb 09 03:17:28 GMT 2025","passed","Sun Feb 09 03:17:28 GMT 2025","TestAboutPage","test_AboutPage","",""
"","27","Welcome message appearance","Tests","Sun Feb 09 03:18:25 GMT 2025","passed","Sun Feb 09 03:18:25 GMT 2025","TestContactPage","test_ContactPage","",""
"","16","Event Images","Tests","Sun Feb 09 03:19:18 GMT 2025","passed","Sun Feb 09 03:19:18 GMT 2025","TestEvents","test_Events","",""
"","33","FAQ section appearance","Tests","Sun Feb 09 03:17:53 GMT 2025","passed","Sun Feb 09 03:17:53 GMT 2025","TestAboutPage","test_AboutPage","",""
"","37","Themes section appearance","Tests","Sun Feb 09 03:15:14 GMT 2025","passed","Sun Feb 09 03:15:14 GMT 2025","TestAboutPage","test_AboutPage","",""
"","10","Event Date and Time","Tests","Sun Feb 09 03:19:54 GMT 2025","passed","Sun Feb 09 03:19:54 GMT 2025","TestEvents","test_Events","",""
"","13","Check Download section description","Tests","Sun Feb 09 03:19:35 GMT 2025","passed","Sun Feb 09 03:19:35 GMT 2025","TestHomePage","test_HomePage","",""
"","44322","Scroll trough images","Tests","Sun Feb 09 03:25:42 GMT 2025","passed","Sun Feb 09 03:26:26 GMT 2025","TestSites","test_Sites","",""
"","7","Check event carousel description","Tests","Sun Feb 09 03:19:48 GMT 2025","passed","Sun Feb 09 03:19:48 GMT 2025","TestHomePage","test_HomePage","",""
"","1068","Click Add to Calendar link","Tests","Sun Feb 09 03:19:56 GMT 2025","passed","Sun Feb 09 03:19:57 GMT 2025","TestEvents","test_Events","",""
"","7","Check the site tabs title","Tests","Sun Feb 09 03:21:33 GMT 2025","passed","Sun Feb 09 03:21:33 GMT 2025","TestSites","test_Sites","",""
"","11","Event Date and Time","Tests","Sun Feb 09 03:19:19 GMT 2025","passed","Sun Feb 09 03:19:19 GMT 2025","TestEvents","test_Events","",""
"","20","Check presented sites order","Tests","Sun Feb 09 03:19:35 GMT 2025","passed","Sun Feb 09 03:19:35 GMT 2025","TestHomePage","test_HomePage","",""
"","47","Check sites carousel appearance","Tests","Sun Feb 09 03:19:32 GMT 2025","passed","Sun Feb 09 03:19:32 GMT 2025","TestHomePage","test_HomePage","",""
"","9","Check the site tabs description","Tests","Sun Feb 09 03:21:04 GMT 2025","passed","Sun Feb 09 03:21:04 GMT 2025","TestSites","test_Sites","",""
"","32","Event Images","Tests","Sun Feb 09 03:19:19 GMT 2025","passed","Sun Feb 09 03:19:19 GMT 2025","TestEvents","test_Events","",""
"","9","Check Download section title","Tests","Sun Feb 09 03:19:35 GMT 2025","passed","Sun Feb 09 03:19:35 GMT 2025","TestHomePage","test_HomePage","",""
"","11282","Saved sites without saved sites","Tests","Sun Feb 09 03:21:57 GMT 2025","passed","Sun Feb 09 03:22:09 GMT 2025","TestSites","test_Sites","",""
"","15","Check sites carousel appearance","Tests","Sun Feb 09 03:19:34 GMT 2025","passed","Sun Feb 09 03:19:34 GMT 2025","TestHomePage","test_HomePage","",""
"","5","Check Hero Banner image","Tests","Sun Feb 09 03:19:31 GMT 2025","passed","Sun Feb 09 03:19:31 GMT 2025","TestHomePage","test_HomePage","",""
"","15001","Event carousel cards without events","Tests","Sun Feb 09 03:20:07 GMT 2025","passed","Sun Feb 09 03:20:22 GMT 2025","TestHomePage","test_HomePage","",""
"","34","Site information amenities section","Tests","Sun Feb 09 03:27:46 GMT 2025","passed","Sun Feb 09 03:27:46 GMT 2025","TestSites","test_Sites","",""
"","7","Site information section summary","Tests","Sun Feb 09 03:27:19 GMT 2025","passed","Sun Feb 09 03:27:19 GMT 2025","TestSites","test_Sites","",""
"","3","Event Opening time section","Tests","Sun Feb 09 03:19:18 GMT 2025","passed","Sun Feb 09 03:19:18 GMT 2025","TestEvents","test_Events","",""
"","36","Transport section appearance","Tests","Sun Feb 09 03:18:16 GMT 2025","passed","Sun Feb 09 03:18:16 GMT 2025","TestAboutPage","test_AboutPage","",""
"","4402","Check language switch","Tests","Sun Feb 09 03:20:07 GMT 2025","passed","Sun Feb 09 03:20:12 GMT 2025","TestHomePage","test_HomePage","",""
"","3042","Click back button","Tests","Sun Feb 09 03:24:53 GMT 2025","passed","Sun Feb 09 03:24:56 GMT 2025","TestSites","test_Sites","",""
"","6582","Saved site is visible in the saved site section","Tests","Sun Feb 09 03:28:48 GMT 2025","passed","Sun Feb 09 03:28:55 GMT 2025","TestSites","test_Sites","",""
"","4609","User is navigated to the Home page","Tests","Sun Feb 09 03:19:22 GMT 2025","passed","Sun Feb 09 03:19:27 GMT 2025","TestHomePage","test_HomePage","",""
"","9","Check Download section image","Tests","Sun Feb 09 03:20:06 GMT 2025","passed","Sun Feb 09 03:20:06 GMT 2025","TestHomePage","test_HomePage","",""
"","121","Event Information page appearance","Tests","Sun Feb 09 03:19:19 GMT 2025","passed","Sun Feb 09 03:19:19 GMT 2025","TestEvents","test_Events","",""
"","11","Check get Involved title","Tests","Sun Feb 09 03:28:40 GMT 2025","passed","Sun Feb 09 03:28:40 GMT 2025","TestSponsorsPage","test_SponsorsPage","",""
"","78","Check sections appearance","Tests","Sun Feb 09 03:19:27 GMT 2025","passed","Sun Feb 09 03:19:27 GMT 2025","TestHomePage","test_HomePage","",""
"","7640","User is navigated to the Events page","Tests","Sun Feb 09 03:18:46 GMT 2025","passed","Sun Feb 09 03:18:54 GMT 2025","TestEvents","test_Events","",""
"","9","Site information opening times section","Tests","Sun Feb 09 03:26:49 GMT 2025","passed","Sun Feb 09 03:26:49 GMT 2025","TestSites","test_Sites","",""
"","53415","Scroll trough images","Tests","Sun Feb 09 03:16:59 GMT 2025","passed","Sun Feb 09 03:17:52 GMT 2025","TestAboutPage","test_AboutPage","",""
"","7641","Click on saved site card","Tests","Sun Feb 09 03:22:13 GMT 2025","passed","Sun Feb 09 03:22:21 GMT 2025","TestSites","test_Sites","",""
"","10","Check event carousel title","Tests","Sun Feb 09 03:20:19 GMT 2025","passed","Sun Feb 09 03:20:19 GMT 2025","TestHomePage","test_HomePage","",""
"","875","Saved site is visible in the mobile app","Tests","Sun Feb 09 03:28:55 GMT 2025","passed","Sun Feb 09 03:28:56 GMT 2025","TestSites","test_Sites","",""
"","7","Check the site tabs description","Tests","Sun Feb 09 03:21:33 GMT 2025","passed","Sun Feb 09 03:21:33 GMT 2025","TestSites","test_Sites","",""
"","6610","Saved site is visible in the saved site section","Tests","Sun Feb 09 03:27:42 GMT 2025","passed","Sun Feb 09 03:27:48 GMT 2025","TestSites","test_Sites","",""
"","10062","Navigate to Site Information page","Tests","Sun Feb 09 03:25:01 GMT 2025","passed","Sun Feb 09 03:25:11 GMT 2025","TestSites","test_Sites","",""
"","12229","Site with more than one photo","Tests","Sun Feb 09 03:25:52 GMT 2025","passed","Sun Feb 09 03:26:04 GMT 2025","TestSites","test_Sites","",""
"","5","Benefits banners number","Tests","Sun Feb 09 03:28:40 GMT 2025","passed","Sun Feb 09 03:28:40 GMT 2025","TestSponsorsPage","test_SponsorsPage","",""
"","26662","Site with only one photo","Tests","Sun Feb 09 03:24:56 GMT 2025","passed","Sun Feb 09 03:25:23 GMT 2025","TestSites","test_Sites","",""
"","5158","Public transport card link","Tests","Sun Feb 09 03:18:02 GMT 2025","passed","Sun Feb 09 03:18:07 GMT 2025","TestAboutPage","test_AboutPage","",""
"","92","Check presented sites in the sites carousel","Tests","Sun Feb 09 03:20:07 GMT 2025","passed","Sun Feb 09 03:20:07 GMT 2025","TestHomePage","test_HomePage","",""
"","21055","Unsave a site","Tests","Sun Feb 09 03:28:56 GMT 2025","passed","Sun Feb 09 03:29:17 GMT 2025","TestSites","test_Sites","",""
"","11","Check themes section description text","Tests","Sun Feb 09 03:15:12 GMT 2025","passed","Sun Feb 09 03:15:12 GMT 2025","TestAboutPage","test_AboutPage","",""
"","381","Check language switch","Tests","Sun Feb 09 03:20:34 GMT 2025","passed","Sun Feb 09 03:20:34 GMT 2025","TestHomePage","test_HomePage","",""
"","28","Check presented events order","Tests","Sun Feb 09 03:20:19 GMT 2025","passed","Sun Feb 09 03:20:19 GMT 2025","TestHomePage","test_HomePage","",""
"","751","Saved site is visible in the mobile app","Tests","Sun Feb 09 03:28:03 GMT 2025","passed","Sun Feb 09 03:28:04 GMT 2025","TestSites","test_Sites","",""
"","15","Email field appearance","Tests","Sun Feb 09 03:18:21 GMT 2025","passed","Sun Feb 09 03:18:21 GMT 2025","TestContactPage","test_ContactPage","",""
"","7","Check event carousel title","Tests","Sun Feb 09 03:19:48 GMT 2025","passed","Sun Feb 09 03:19:48 GMT 2025","TestHomePage","test_HomePage","",""
"","5801","User is navigated to the Sponsors page","Tests","Sun Feb 09 03:29:18 GMT 2025","passed","Sun Feb 09 03:29:24 GMT 2025","TestSponsorsPage","test_SponsorsPage","",""
"","4","Event Date and Time","Tests","Sun Feb 09 03:19:18 GMT 2025","passed","Sun Feb 09 03:19:18 GMT 2025","TestEvents","test_Events","",""
"","19","Site information opening times section","Tests","Sun Feb 09 03:26:39 GMT 2025","passed","Sun Feb 09 03:26:39 GMT 2025","TestSites","test_Sites","",""
"","1964","Unsuccessfully login with email:  and password: Test#1234","Tests","Sun Feb 09 03:20:32 GMT 2025","passed","Sun Feb 09 03:20:34 GMT 2025","TestLogin","test_Login","",""
"","7","Event About section","Tests","Sun Feb 09 03:19:18 GMT 2025","passed","Sun Feb 09 03:19:18 GMT 2025","TestEvents","test_Events","",""
"","26","Event About section","Tests","Sun Feb 09 03:19:54 GMT 2025","passed","Sun Feb 09 03:19:54 GMT 2025","TestEvents","test_Events","",""
"","3","Benefits banner appearance","Tests","Sun Feb 09 03:29:25 GMT 2025","passed","Sun Feb 09 03:29:25 GMT 2025","TestSponsorsPage","test_SponsorsPage","",""
"","29573","Check individual Historic site","Tests","Sun Feb 09 03:21:56 GMT 2025","passed","Sun Feb 09 03:22:25 GMT 2025","TestSites","test_Sites","",""
"","93050","Saved site icon on site cards","Tests","Sun Feb 09 03:22:21 GMT 2025","passed","Sun Feb 09 03:23:54 GMT 2025","TestSites","test_Sites","",""
"","77","Check sections appearance","Tests","Sun Feb 09 03:20:02 GMT 2025","passed","Sun Feb 09 03:20:02 GMT 2025","TestHomePage","test_HomePage","",""
"","16","Check heading title description","Tests","Sun Feb 09 03:15:12 GMT 2025","passed","Sun Feb 09 03:15:12 GMT 2025","TestAboutPage","test_AboutPage","",""
"","1170","Name field appearance","Tests","Sun Feb 09 03:18:19 GMT 2025","passed","Sun Feb 09 03:18:20 GMT 2025","TestContactPage","test_ContactPage","",""
"","6","Check themes section title text","Tests","Sun Feb 09 03:15:11 GMT 2025","passed","Sun Feb 09 03:15:11 GMT 2025","TestAboutPage","test_AboutPage","",""
"","5921","Navigate to Event information page","Tests","Sun Feb 09 03:19:13 GMT 2025","passed","Sun Feb 09 03:19:19 GMT 2025","TestEvents","test_Events","",""
"","72","Event Information page appearance","Tests","Sun Feb 09 03:19:19 GMT 2025","passed","Sun Feb 09 03:19:19 GMT 2025","TestEvents","test_Events","",""
"","22531","Site with no exhibits","Tests","Sun Feb 09 03:27:26 GMT 2025","passed","Sun Feb 09 03:27:48 GMT 2025","TestSites","test_Sites","",""
"","9537","Site with exhibits","Tests","Sun Feb 09 03:27:20 GMT 2025","passed","Sun Feb 09 03:27:29 GMT 2025","TestSites","test_Sites","",""
"","44293","Scroll trough images","Tests","Sun Feb 09 03:26:49 GMT 2025","passed","Sun Feb 09 03:27:33 GMT 2025","TestSites","test_Sites","",""
"","27","Correct saved sites cards are presented","Tests","Sun Feb 09 03:22:13 GMT 2025","passed","Sun Feb 09 03:22:13 GMT 2025","TestSites","test_Sites","",""
"","60","Transport section card descriptions","Tests","Sun Feb 09 03:18:16 GMT 2025","passed","Sun Feb 09 03:18:16 GMT 2025","TestAboutPage","test_AboutPage","",""
"","7158","Click on saved site card","Tests","Sun Feb 09 03:23:08 GMT 2025","passed","Sun Feb 09 03:23:16 GMT 2025","TestSites","test_Sites","",""
"","72","Check Download section analytic pairs","Tests","Sun Feb 09 03:20:06 GMT 2025","passed","Sun Feb 09 03:20:07 GMT 2025","TestHomePage","test_HomePage","",""
"","1027","Presented exhibits","Tests","Sun Feb 09 03:27:58 GMT 2025","passed","Sun Feb 09 03:27:59 GMT 2025","TestSites","test_Sites","",""
"","9","Site information opening times section","Tests","Sun Feb 09 03:27:19 GMT 2025","passed","Sun Feb 09 03:27:19 GMT 2025","TestSites","test_Sites","",""
"","2258","Check the contact page accessibility","Tests","Sun Feb 09 03:18:48 GMT 2025","failed","Sun Feb 09 03:18:50 GMT 2025","TestAccessibility","test_Accessibility","",""
"","3083","Click back button","Tests","Sun Feb 09 03:25:22 GMT 2025","passed","Sun Feb 09 03:25:25 GMT 2025","TestSites","test_Sites","",""
"","9","Check get Involved title","Tests","Sun Feb 09 03:29:48 GMT 2025","passed","Sun Feb 09 03:29:48 GMT 2025","TestSponsorsPage","test_SponsorsPage","",""
"","35","Check events carousel appearance","Tests","Sun Feb 09 03:19:46 GMT 2025","passed","Sun Feb 09 03:19:46 GMT 2025","TestHomePage","test_HomePage","",""
"","14","Event About section","Tests","Sun Feb 09 03:19:19 GMT 2025","passed","Sun Feb 09 03:19:19 GMT 2025","TestEvents","test_Events","",""
"","44","Populated name field","Tests","Sun Feb 09 03:18:21 GMT 2025","passed","Sun Feb 09 03:18:21 GMT 2025","TestContactPage","test_ContactPage","",""
"","24","Check Hero Banner appearance","Tests","Sun Feb 09 03:19:30 GMT 2025","passed","Sun Feb 09 03:19:31 GMT 2025","TestHomePage","test_HomePage","",""
"","4","Click Download section Google Play button","Tests","Sun Feb 09 03:19:35 GMT 2025","passed","Sun Feb 09 03:19:35 GMT 2025","TestHomePage","test_HomePage","",""
"","7165","User is navigated to the Events page","Tests","Sun Feb 09 03:19:22 GMT 2025","passed","Sun Feb 09 03:19:29 GMT 2025","TestEvents","test_Events","",""
"","12","Check Hero Banner subtitle","Tests","Sun Feb 09 03:19:29 GMT 2025","passed","Sun Feb 09 03:19:29 GMT 2025","TestHomePage","test_HomePage","",""
"","13228","Saved sites for non logged user","Tests","Sun Feb 09 03:21:45 GMT 2025","passed","Sun Feb 09 03:21:58 GMT 2025","TestSites","test_Sites","",""
"","6959","Click on site carousel card","Tests","Sun Feb 09 03:20:12 GMT 2025","passed","Sun Feb 09 03:20:19 GMT 2025","TestHomePage","test_HomePage","",""
"","1021","Name field appearance","Tests","Sun Feb 09 03:18:20 GMT 2025","passed","Sun Feb 09 03:18:21 GMT 2025","TestContactPage","test_ContactPage","",""
"","27","Welcome message appearance","Tests","Sun Feb 09 03:18:19 GMT 2025","passed","Sun Feb 09 03:18:19 GMT 2025","TestContactPage","test_ContactPage","",""
"","2349","Unsuccessfully login with email: simeon.hhl.qa@gmail.co and password: Test#1234","Tests","Sun Feb 09 03:20:26 GMT 2025","passed","Sun Feb 09 03:20:28 GMT 2025","TestLogin","test_Login","",""
"","5034","User is navigated to the Home page","Tests","Sun Feb 09 03:19:57 GMT 2025","passed","Sun Feb 09 03:20:02 GMT 2025","TestHomePage","test_HomePage","",""
"","4468","Click save site button","Tests","Sun Feb 09 03:27:52 GMT 2025","passed","Sun Feb 09 03:27:56 GMT 2025","TestSites","test_Sites","",""
"","73","Check presented events in the events carousel","Tests","Sun Feb 09 03:19:48 GMT 2025","passed","Sun Feb 09 03:19:48 GMT 2025","TestHomePage","test_HomePage","",""
"","14","Event Location section","Tests","Sun Feb 09 03:19:19 GMT 2025","passed","Sun Feb 09 03:19:19 GMT 2025","TestEvents","test_Events","",""
"","12572","Site information appearance","Tests","Sun Feb 09 03:27:06 GMT 2025","passed","Sun Feb 09 03:27:19 GMT 2025","TestSites","test_Sites","",""
"","7","Check Hero Banner title","Tests","Sun Feb 09 03:19:31 GMT 2025","passed","Sun Feb 09 03:19:31 GMT 2025","TestHomePage","test_HomePage","",""
"","110","Secondary details","Tests","Sun Feb 09 03:18:28 GMT 2025","passed","Sun Feb 09 03:18:28 GMT 2025","TestContactPage","test_ContactPage","",""
"","12329","Successful login","Tests","Sun Feb 09 03:20:37 GMT 2025","passed","Sun Feb 09 03:20:49 GMT 2025","TestLogin","test_Login","",""
"","14","Check presented events order","Tests","Sun Feb 09 03:19:47 GMT 2025","passed","Sun Feb 09 03:19:47 GMT 2025","TestHomePage","test_HomePage","",""
"","69","Populated message field","Tests","Sun Feb 09 03:18:22 GMT 2025","passed","Sun Feb 09 03:18:22 GMT 2025","TestContactPage","test_ContactPage","",""
"","12812","Saved sites for non logged user","Tests","Sun Feb 09 03:22:17 GMT 2025","passed","Sun Feb 09 03:22:30 GMT 2025","TestSites","test_Sites","",""
"","643","Saved site is visible in the mobile app","Tests","Sun Feb 09 03:28:32 GMT 2025","passed","Sun Feb 09 03:28:33 GMT 2025","TestSites","test_Sites","",""
"","14","Check FAQ section title text","Tests","Sun Feb 09 03:17:27 GMT 2025","passed","Sun Feb 09 03:17:27 GMT 2025","TestAboutPage","test_AboutPage","",""
"","11","Check site carousel title","Tests","Sun Feb 09 03:20:07 GMT 2025","passed","Sun Feb 09 03:20:07 GMT 2025","TestHomePage","test_HomePage","",""
"","12617","Check individual Historic site","Tests","Sun Feb 09 03:21:53 GMT 2025","passed","Sun Feb 09 03:22:05 GMT 2025","TestSites","test_Sites","",""
"","7992","Check FAQ elements","Tests","Sun Feb 09 03:17:38 GMT 2025","passed","Sun Feb 09 03:17:46 GMT 2025","TestAboutPage","test_AboutPage","",""
"","41","Transport section appearance","Tests","Sun Feb 09 03:18:02 GMT 2025","passed","Sun Feb 09 03:18:02 GMT 2025","TestAboutPage","test_AboutPage","",""
"","4121","Click save site button","Tests","Sun Feb 09 03:28:44 GMT 2025","passed","Sun Feb 09 03:28:48 GMT 2025","TestSites","test_Sites","",""
"","8636","Expand FAQ elements","Tests","Sun Feb 09 03:17:45 GMT 2025","passed","Sun Feb 09 03:17:54 GMT 2025","TestAboutPage","test_AboutPage","",""
"","872","Unsuccessfully login with email: simeon.hhl.qagmail.com and password: Test#1234","Tests","Sun Feb 09 03:20:45 GMT 2025","passed","Sun Feb 09 03:20:46 GMT 2025","TestLogin","test_Login","",""
"","4151","Check Hero Banner button","Tests","Sun Feb 09 03:19:27 GMT 2025","passed","Sun Feb 09 03:19:31 GMT 2025","TestHomePage","test_HomePage","",""
"","89","Check themes cards","Tests","Sun Feb 09 03:15:11 GMT 2025","passed","Sun Feb 09 03:15:11 GMT 2025","TestAboutPage","test_AboutPage","",""
"","98","Saved sites cards attributes","Tests","Sun Feb 09 03:22:13 GMT 2025","passed","Sun Feb 09 03:22:13 GMT 2025","TestSites","test_Sites","",""
"","213","Click Add to Calendar link","Tests","Sun Feb 09 03:19:22 GMT 2025","passed","Sun Feb 09 03:19:22 GMT 2025","TestEvents","test_Events","",""
"","33","FAQ section appearance","Tests","Sun Feb 09 03:17:27 GMT 2025","passed","Sun Feb 09 03:17:27 GMT 2025","TestAboutPage","test_AboutPage","",""
"","4300","Unsuccessfully login with email: simeon.hhl.qa@gmail.co and password: Test#1234","Tests","Sun Feb 09 03:21:14 GMT 2025","passed","Sun Feb 09 03:21:18 GMT 2025","TestLogin","test_Login","",""
"","22654","Successful message send","Tests","Sun Feb 09 03:18:21 GMT 2025","passed","Sun Feb 09 03:18:44 GMT 2025","TestContactPage","test_ContactPage","",""
"","55154","Scroll images with buttons","Tests","Sun Feb 09 03:16:04 GMT 2025","passed","Sun Feb 09 03:16:59 GMT 2025","TestAboutPage","test_AboutPage","",""
"","1075","Get Involved section appearance","Tests","Sun Feb 09 03:28:39 GMT 2025","passed","Sun Feb 09 03:28:40 GMT 2025","TestSponsorsPage","test_SponsorsPage","",""
"","46449","Scroll images with buttons","Tests","Sun Feb 09 03:25:02 GMT 2025","passed","Sun Feb 09 03:25:48 GMT 2025","TestSites","test_Sites","",""
"","56","Benefits banners titles and descriptions","Tests","Sun Feb 09 03:29:48 GMT 2025","passed","Sun Feb 09 03:29:48 GMT 2025","TestSponsorsPage","test_SponsorsPage","",""
"","14","Event Opening time section","Tests","Sun Feb 09 03:19:19 GMT 2025","passed","Sun Feb 09 03:19:19 GMT 2025","TestEvents","test_Events","",""
"","27288","Site with only one photo","Tests","Sun Feb 09 03:24:21 GMT 2025","passed","Sun Feb 09 03:24:49 GMT 2025","TestSites","test_Sites","",""
"","44113","Scroll trough images","Tests","Sun Feb 09 03:26:22 GMT 2025","passed","Sun Feb 09 03:27:06 GMT 2025","TestSites","test_Sites","",""
"","13","Check the site tabs description","Tests","Sun Feb 09 03:21:05 GMT 2025","passed","Sun Feb 09 03:21:05 GMT 2025","TestSites","test_Sites","",""
"","11084","Exhibit cards are not clickable","Tests","Sun Feb 09 03:28:23 GMT 2025","passed","Sun Feb 09 03:28:34 GMT 2025","TestSites","test_Sites","",""
"","5149","Check site carousel button","Tests","Sun Feb 09 03:20:07 GMT 2025","passed","Sun Feb 09 03:20:12 GMT 2025","TestHomePage","test_HomePage","",""
"","58","Check presented sites in the sites carousel","Tests","Sun Feb 09 03:19:35 GMT 2025","passed","Sun Feb 09 03:19:35 GMT 2025","TestHomePage","test_HomePage","",""
"","5485","Taxi card link","Tests","Sun Feb 09 03:18:04 GMT 2025","passed","Sun Feb 09 03:18:10 GMT 2025","TestAboutPage","test_AboutPage","",""
"","22","Check events carousel appearance","Tests","Sun Feb 09 03:19:48 GMT 2025","passed","Sun Feb 09 03:19:48 GMT 2025","TestHomePage","test_HomePage","",""
"","10","Check Download section image","Tests","Sun Feb 09 03:19:31 GMT 2025","passed","Sun Feb 09 03:19:31 GMT 2025","TestHomePage","test_HomePage","",""
"","7896","Expand FAQ elements","Tests","Sun Feb 09 03:17:46 GMT 2025","passed","Sun Feb 09 03:17:54 GMT 2025","TestAboutPage","test_AboutPage","",""
"","1064","Get Involved section appearance","Tests","Sun Feb 09 03:29:47 GMT 2025","passed","Sun Feb 09 03:29:48 GMT 2025","TestSponsorsPage","test_SponsorsPage","",""
"","4153","Unsuccessfully login with email: simeon.hhl.qagmail.com and password: Test#1234","Tests","Sun Feb 09 03:20:57 GMT 2025","passed","Sun Feb 09 03:21:02 GMT 2025","TestLogin","test_Login","",""
"","747","Unsuccessfully login with email: simeon.hhl.qa@gmail.com and password: ","Tests","Sun Feb 09 03:21:21 GMT 2025","passed","Sun Feb 09 03:21:22 GMT 2025","TestLogin","test_Login","",""
"","8","Site information about section","Tests","Sun Feb 09 03:27:19 GMT 2025","passed","Sun Feb 09 03:27:19 GMT 2025","TestSites","test_Sites","",""
"","8","Site information about section","Tests","Sun Feb 09 03:26:49 GMT 2025","passed","Sun Feb 09 03:26:49 GMT 2025","TestSites","test_Sites","",""
"","5418","Check Historic sites","Tests","Sun Feb 09 03:21:33 GMT 2025","passed","Sun Feb 09 03:21:38 GMT 2025","TestSites","test_Sites","",""
"","13","Email field appearance","Tests","Sun Feb 09 03:18:21 GMT 2025","passed","Sun Feb 09 03:18:21 GMT 2025","TestContactPage","test_ContactPage","",""
"","4495","Check Hero Banner button","Tests","Sun Feb 09 03:19:31 GMT 2025","passed","Sun Feb 09 03:19:35 GMT 2025","TestHomePage","test_HomePage","",""
"","3825","Check main navigation","Tests","Sun Feb 09 03:20:30 GMT 2025","passed","Sun Feb 09 03:20:34 GMT 2025","TestHomePage","test_HomePage","",""
"","2980","Unsuccessfully login with email: simeon.hhl.qa@gmail.co and password: Test#1234","Tests","Sun Feb 09 03:20:41 GMT 2025","passed","Sun Feb 09 03:20:44 GMT 2025","TestLogin","test_Login","",""
"","66","Transport section card descriptions","Tests","Sun Feb 09 03:18:02 GMT 2025","passed","Sun Feb 09 03:18:02 GMT 2025","TestAboutPage","test_AboutPage","",""
"","9166","Site with exhibits","Tests","Sun Feb 09 03:27:06 GMT 2025","passed","Sun Feb 09 03:27:15 GMT 2025","TestSites","test_Sites","",""
"","22658","Save site button for non logged user","Tests","Sun Feb 09 03:28:54 GMT 2025","passed","Sun Feb 09 03:29:16 GMT 2025","TestSites","test_Sites","",""
"","14","Check the site tabs title","Tests","Sun Feb 09 03:21:05 GMT 2025","passed","Sun Feb 09 03:21:05 GMT 2025","TestSites","test_Sites","",""
"","12","Message field appearance","Tests","Sun Feb 09 03:18:21 GMT 2025","passed","Sun Feb 09 03:18:22 GMT 2025","TestContactPage","test_ContactPage","",""
"","7858","Expand FAQ elements","Tests","Sun Feb 09 03:18:01 GMT 2025","passed","Sun Feb 09 03:18:08 GMT 2025","TestAboutPage","test_AboutPage","",""
"","3158","Check Historic sites","Tests","Sun Feb 09 03:21:05 GMT 2025","passed","Sun Feb 09 03:21:08 GMT 2025","TestSites","test_Sites","",""
"","62","Event Information page appearance","Tests","Sun Feb 09 03:19:18 GMT 2025","passed","Sun Feb 09 03:19:18 GMT 2025","TestEvents","test_Events","",""
"","8874","Expand FAQ elements","Tests","Sun Feb 09 03:17:36 GMT 2025","passed","Sun Feb 09 03:17:45 GMT 2025","TestAboutPage","test_AboutPage","",""
"","3595","Check main navigation","Tests","Sun Feb 09 03:21:03 GMT 2025","passed","Sun Feb 09 03:21:06 GMT 2025","TestHomePage","test_HomePage","",""
"","0","Events are in chronological order","Tests","Sun Feb 09 03:19:08 GMT 2025","passed","Sun Feb 09 03:19:08 GMT 2025","TestEvents","test_Events","",""
"","38","Benefits banners titles and descriptions","Tests","Sun Feb 09 03:28:56 GMT 2025","passed","Sun Feb 09 03:28:56 GMT 2025","TestSponsorsPage","test_SponsorsPage","",""
"","11","Check site carousel title","Tests","Sun Feb 09 03:19:32 GMT 2025","passed","Sun Feb 09 03:19:32 GMT 2025","TestHomePage","test_HomePage","",""
"","11","Check Hero Banner subtitle","Tests","Sun Feb 09 03:19:27 GMT 2025","passed","Sun Feb 09 03:19:27 GMT 2025","TestHomePage","test_HomePage","",""
"","15","Site information amenities section","Tests","Sun Feb 09 03:26:49 GMT 2025","passed","Sun Feb 09 03:26:49 GMT 2025","TestSites","test_Sites","",""
"","5600","User is navigated to the Sponsors page","Tests","Sun Feb 09 03:28:49 GMT 2025","passed","Sun Feb 09 03:28:55 GMT 2025","TestSponsorsPage","test_SponsorsPage","",""
"","14","The historic tab is selected by default","Tests","Sun Feb 09 03:21:04 GMT 2025","passed","Sun Feb 09 03:21:04 GMT 2025","TestSites","test_Sites","",""
"","12159","Check individual Retail site","Tests","Sun Feb 09 03:22:25 GMT 2025","passed","Sun Feb 09 03:22:37 GMT 2025","TestSites","test_Sites","",""
"","1069","Presented exhibits","Tests","Sun Feb 09 03:27:15 GMT 2025","passed","Sun Feb 09 03:27:16 GMT 2025","TestSites","test_Sites","",""
"","4757","Successful login","Tests","Sun Feb 09 03:20:48 GMT 2025","passed","Sun Feb 09 03:20:53 GMT 2025","TestLogin","test_Login","",""
"","25","The historic tab is selected by default","Tests","Sun Feb 09 03:21:05 GMT 2025","passed","Sun Feb 09 03:21:05 GMT 2025","TestSites","test_Sites","",""
"","4662","Unsuccessfully login with email: simeon.hhl.qa@gmail.co and password: Test#1234","Tests","Sun Feb 09 03:20:50 GMT 2025","passed","Sun Feb 09 03:20:54 GMT 2025","TestLogin","test_Login","",""
"","5561","Saved sites with saved sites","Tests","Sun Feb 09 03:22:40 GMT 2025","passed","Sun Feb 09 03:22:45 GMT 2025","TestSites","test_Sites","",""
"","13648","Events section appearance","Tests","Sun Feb 09 03:18:54 GMT 2025","passed","Sun Feb 09 03:19:08 GMT 2025","TestEvents","test_Events","",""
"","1","Events are in chronological order","Tests","Sun Feb 09 03:19:08 GMT 2025","passed","Sun Feb 09 03:19:08 GMT 2025","TestEvents","test_Events","",""
"","53229","Scroll trough images","Tests","Sun Feb 09 03:16:35 GMT 2025","passed","Sun Feb 09 03:17:28 GMT 2025","TestAboutPage","test_AboutPage","",""
"","26","Event Images","Tests","Sun Feb 09 03:19:54 GMT 2025","passed","Sun Feb 09 03:19:54 GMT 2025","TestEvents","test_Events","",""
"","21304","Successful message send","Tests","Sun Feb 09 03:18:28 GMT 2025","passed","Sun Feb 09 03:18:49 GMT 2025","TestContactPage","test_ContactPage","",""
"","7107","Click on Get Directions link","Tests","Sun Feb 09 03:27:19 GMT 2025","passed","Sun Feb 09 03:27:26 GMT 2025","TestSites","test_Sites","",""
"","21698","Successful message send","Tests","Sun Feb 09 03:19:00 GMT 2025","passed","Sun Feb 09 03:19:22 GMT 2025","TestContactPage","test_ContactPage","",""
"","26","Check the welcome message text","Tests","Sun Feb 09 03:21:41 GMT 2025","passed","Sun Feb 09 03:21:41 GMT 2025","TestSites","test_Sites","",""
"","11","Check themes section title text","Tests","Sun Feb 09 03:15:12 GMT 2025","passed","Sun Feb 09 03:15:12 GMT 2025","TestAboutPage","test_AboutPage","",""
"","106","Check presented sites in the sites carousel","Tests","Sun Feb 09 03:19:32 GMT 2025","passed","Sun Feb 09 03:19:32 GMT 2025","TestHomePage","test_HomePage","",""
"","40","Populated email field","Tests","Sun Feb 09 03:18:21 GMT 2025","passed","Sun Feb 09 03:18:21 GMT 2025","TestContactPage","test_ContactPage","",""
"","5453","Public transport card link","Tests","Sun Feb 09 03:17:54 GMT 2025","passed","Sun Feb 09 03:18:00 GMT 2025","TestAboutPage","test_AboutPage","",""
"","21206","Unsave a site","Tests","Sun Feb 09 03:27:49 GMT 2025","passed","Sun Feb 09 03:28:10 GMT 2025","TestSites","test_Sites","",""
"","6862","User is navigated to the Contact page","Tests","Sun Feb 09 03:18:50 GMT 2025","passed","Sun Feb 09 03:18:57 GMT 2025","TestContactPage","test_ContactPage","",""
"","95","Login page appearance","Tests","Sun Feb 09 03:20:41 GMT 2025","passed","Sun Feb 09 03:20:41 GMT 2025","TestLogin","test_Login","",""
"","6490","User is navigated to the Login page","Tests","Sun Feb 09 03:20:35 GMT 2025","passed","Sun Feb 09 03:20:41 GMT 2025","TestLogin","test_Login","",""
"","1173","About page appearance","Tests","Sun Feb 09 03:15:09 GMT 2025","passed","Sun Feb 09 03:15:11 GMT 2025","TestAboutPage","test_AboutPage","",""
"","18","Site information opening times section","Tests","Sun Feb 09 03:27:46 GMT 2025","passed","Sun Feb 09 03:27:46 GMT 2025","TestSites","test_Sites","",""
"","998","Unsuccessfully login with email: simeon.hhl.qa@gmail.com and password: Test#123","Tests","Sun Feb 09 03:20:44 GMT 2025","passed","Sun Feb 09 03:20:45 GMT 2025","TestLogin","test_Login","",""
"","12","Check the site tabs title","Tests","Sun Feb 09 03:21:41 GMT 2025","passed","Sun Feb 09 03:21:42 GMT 2025","TestSites","test_Sites","",""
"","1108","Get Involved section appearance","Tests","Sun Feb 09 03:28:55 GMT 2025","passed","Sun Feb 09 03:28:56 GMT 2025","TestSponsorsPage","test_SponsorsPage","",""
"","4217","User is navigated to the Home page","Tests","Sun Feb 09 03:19:26 GMT 2025","passed","Sun Feb 09 03:19:30 GMT 2025","TestHomePage","test_HomePage","",""
"","5787","User is navigated to the Sponsors page","Tests","Sun Feb 09 03:28:33 GMT 2025","passed","Sun Feb 09 03:28:39 GMT 2025","TestSponsorsPage","test_SponsorsPage","",""
"","6681","User is navigated to the Events page","Tests","Sun Feb 09 03:18:47 GMT 2025","passed","Sun Feb 09 03:18:54 GMT 2025","TestEvents","test_Events","",""
"","3","Check site carousel description","Tests","Sun Feb 09 03:19:34 GMT 2025","passed","Sun Feb 09 03:19:34 GMT 2025","TestHomePage","test_HomePage","",""
"","10","Check event carousel description","Tests","Sun Feb 09 03:20:19 GMT 2025","passed","Sun Feb 09 03:20:19 GMT 2025","TestHomePage","test_HomePage","",""
"","18","Event Images","Tests","Sun Feb 09 03:19:19 GMT 2025","passed","Sun Feb 09 03:19:19 GMT 2025","TestEvents","test_Events","",""
"","15","Check the welcome message text","Tests","Sun Feb 09 03:21:33 GMT 2025","passed","Sun Feb 09 03:21:33 GMT 2025","TestSites","test_Sites","",""
"","14107","Saved site icon on site cards","Tests","Sun Feb 09 03:24:28 GMT 2025","passed","Sun Feb 09 03:24:42 GMT 2025","TestSites","test_Sites","",""
"","96","Correct saved sites cards are presented","Tests","Sun Feb 09 03:22:13 GMT 2025","passed","Sun Feb 09 03:22:13 GMT 2025","TestSites","test_Sites","",""
"","8","Click Download section Google Play button","Tests","Sun Feb 09 03:20:07 GMT 2025","passed","Sun Feb 09 03:20:07 GMT 2025","TestHomePage","test_HomePage","",""
"","2229","Click Get Directions link","Tests","Sun Feb 09 03:19:19 GMT 2025","passed","Sun Feb 09 03:19:22 GMT 2025","TestEvents","test_Events","",""
"","2250","Check the about page accessibility","Tests","Sun Feb 09 03:18:41 GMT 2025","failed","Sun Feb 09 03:18:43 GMT 2025","TestAccessibility","test_Accessibility","",""
"","6736","Saved site is visible in the saved site section","Tests","Sun Feb 09 03:28:25 GMT 2025","passed","Sun Feb 09 03:28:32 GMT 2025","TestSites","test_Sites","",""
"","5015","Click on Get Directions link","Tests","Sun Feb 09 03:26:39 GMT 2025","passed","Sun Feb 09 03:26:44 GMT 2025","TestSites","test_Sites","",""
"","8","Site information section title","Tests","Sun Feb 09 03:27:19 GMT 2025","passed","Sun Feb 09 03:27:19 GMT 2025","TestSites","test_Sites","",""
"","1080","Site Information page appearance","Tests","Sun Feb 09 03:24:17 GMT 2025","passed","Sun Feb 09 03:24:18 GMT 2025","TestSites","test_Sites","",""
"","21","Check the welcome message appearance","Tests","Sun Feb 09 03:21:41 GMT 2025","passed","Sun Feb 09 03:21:41 GMT 2025","TestSites","test_Sites","",""
"","13","Event Opening time section","Tests","Sun Feb 09 03:19:54 GMT 2025","passed","Sun Feb 09 03:19:54 GMT 2025","TestEvents","test_Events","",""
"","11","Check get Involved description","Tests","Sun Feb 09 03:28:40 GMT 2025","passed","Sun Feb 09 03:28:40 GMT 2025","TestSponsorsPage","test_SponsorsPage","",""
"","1999","Click Get Directions link","Tests","Sun Feb 09 03:19:54 GMT 2025","passed","Sun Feb 09 03:19:56 GMT 2025","TestEvents","test_Events","",""
"","6267","User is navigated to the About page","Tests","Sun Feb 09 03:15:05 GMT 2025","passed","Sun Feb 09 03:15:11 GMT 2025","TestAboutPage","test_AboutPage","",""
"","22686","Site with no exhibits","Tests","Sun Feb 09 03:26:57 GMT 2025","passed","Sun Feb 09 03:27:20 GMT 2025","TestSites","test_Sites","",""
"","6","Check event carousel description","Tests","Sun Feb 09 03:19:47 GMT 2025","passed","Sun Feb 09 03:19:47 GMT 2025","TestHomePage","test_HomePage","",""
"","35","Transport section card titles","Tests","Sun Feb 09 03:18:02 GMT 2025","passed","Sun Feb 09 03:18:02 GMT 2025","TestAboutPage","test_AboutPage","",""
"","45","Check Download section appearance","Tests","Sun Feb 09 03:19:35 GMT 2025","passed","Sun Feb 09 03:19:35 GMT 2025","TestHomePage","test_HomePage","",""
"","13091","Check individual Retail site","Tests","Sun Feb 09 03:21:32 GMT 2025","passed","Sun Feb 09 03:21:45 GMT 2025","TestSites","test_Sites","",""
"","70","Sponsors card section appearance","Tests","Sun Feb 09 03:28:55 GMT 2025","passed","Sun Feb 09 03:28:55 GMT 2025","TestSponsorsPage","test_SponsorsPage","",""
"","32","Transport section card titles","Tests","Sun Feb 09 03:18:16 GMT 2025","passed","Sun Feb 09 03:18:16 GMT 2025","TestAboutPage","test_AboutPage","",""
"","16","Themes section appearance","Tests","Sun Feb 09 03:14:56 GMT 2025","passed","Sun Feb 09 03:14:56 GMT 2025","TestAboutPage","test_AboutPage","",""
"","7869","Expand FAQ elements","Tests","Sun Feb 09 03:18:08 GMT 2025","passed","Sun Feb 09 03:18:16 GMT 2025","TestAboutPage","test_AboutPage","",""
"","10945","Save site button for logged user","Tests","Sun Feb 09 03:28:10 GMT 2025","passed","Sun Feb 09 03:28:21 GMT 2025","TestSites","test_Sites","",""
"","9943","Navigate to Site Information page","Tests","Sun Feb 09 03:24:05 GMT 2025","passed","Sun Feb 09 03:24:15 GMT 2025","TestSites","test_Sites","",""
"","866","Unsuccessfully login with email: simeon.hhl.qagmail.com and password: Test#1234","Tests","Sun Feb 09 03:21:19 GMT 2025","passed","Sun Feb 09 03:21:20 GMT 2025","TestLogin","test_Login","",""
"","2518","Image gallery with more than one image","Tests","Sun Feb 09 03:15:47 GMT 2025","passed","Sun Feb 09 03:15:49 GMT 2025","TestAboutPage","test_AboutPage","",""
"","2190","Check the events page accessibility","Tests","Sun Feb 09 03:18:43 GMT 2025","failed","Sun Feb 09 03:18:46 GMT 2025","TestAccessibility","test_Accessibility","",""
"","8","Check FAQ section title text","Tests","Sun Feb 09 03:17:28 GMT 2025","passed","Sun Feb 09 03:17:28 GMT 2025","TestAboutPage","test_AboutPage","",""
"","8","Check heading title text","Tests","Sun Feb 09 03:14:56 GMT 2025","passed","Sun Feb 09 03:14:56 GMT 2025","TestAboutPage","test_AboutPage","",""
"","20","Transport section card titles","Tests","Sun Feb 09 03:17:54 GMT 2025","passed","Sun Feb 09 03:17:54 GMT 2025","TestAboutPage","test_AboutPage","",""
"","10","Sponsors page welcome message text","Tests","Sun Feb 09 03:28:55 GMT 2025","passed","Sun Feb 09 03:28:55 GMT 2025","TestSponsorsPage","test_SponsorsPage","",""
"","11","Check themes section title text","Tests","Sun Feb 09 03:15:14 GMT 2025","passed","Sun Feb 09 03:15:14 GMT 2025","TestAboutPage","test_AboutPage","",""
"","32","Check presented sites order","Tests","Sun Feb 09 03:19:32 GMT 2025","passed","Sun Feb 09 03:19:32 GMT 2025","TestHomePage","test_HomePage","",""
"","1081","Presented exhibits","Tests","Sun Feb 09 03:28:22 GMT 2025","passed","Sun Feb 09 03:28:23 GMT 2025","TestSites","test_Sites","",""
"","3280","Click back button","Tests","Sun Feb 09 03:24:18 GMT 2025","passed","Sun Feb 09 03:24:21 GMT 2025","TestSites","test_Sites","",""
"","66","Check Download section appearance","Tests","Sun Feb 09 03:20:06 GMT 2025","passed","Sun Feb 09 03:20:06 GMT 2025","TestHomePage","test_HomePage","",""
"","16","Check Download section description","Tests","Sun Feb 09 03:19:31 GMT 2025","passed","Sun Feb 09 03:19:32 GMT 2025","TestHomePage","test_HomePage","",""
"","13","Event Title","Tests","Sun Feb 09 03:19:19 GMT 2025","passed","Sun Feb 09 03:19:19 GMT 2025","TestEvents","test_Events","",""
"","27","Sponsors page welcome message appearance","Tests","Sun Feb 09 03:29:47 GMT 2025","passed","Sun Feb 09 03:29:47 GMT 2025","TestSponsorsPage","test_SponsorsPage","",""
"","10554","Navigate to Site Information page","Tests","Sun Feb 09 03:24:07 GMT 2025","passed","Sun Feb 09 03:24:17 GMT 2025","TestSites","test_Sites","",""
"","28","Welcome message appearance","Tests","Sun Feb 09 03:18:57 GMT 2025","passed","Sun Feb 09 03:18:57 GMT 2025","TestContactPage","test_ContactPage","",""
"","8161","User is navigated to the Sites page","Tests","Sun Feb 09 03:20:55 GMT 2025","passed","Sun Feb 09 03:21:04 GMT 2025","TestSites","test_Sites","",""
"","30","Sponsors page welcome message text","Tests","Sun Feb 09 03:28:39 GMT 2025","passed","Sun Feb 09 03:28:39 GMT 2025","TestSponsorsPage","test_SponsorsPage","",""
"","7394","Click on site carousel card","Tests","Sun Feb 09 03:19:39 GMT 2025","passed","Sun Feb 09 03:19:47 GMT 2025","TestHomePage","test_HomePage","",""
"","6","Benefits banners number","Tests","Sun Feb 09 03:28:56 GMT 2025","passed","Sun Feb 09 03:28:56 GMT 2025","TestSponsorsPage","test_SponsorsPage","",""
"","15917","Event carousel cards without events","Tests","Sun Feb 09 03:20:04 GMT 2025","passed","Sun Feb 09 03:20:20 GMT 2025","TestHomePage","test_HomePage","",""
"","9","Check site carousel description","Tests","Sun Feb 09 03:20:07 GMT 2025","passed","Sun Feb 09 03:20:07 GMT 2025","TestHomePage","test_HomePage","",""
"","7310","Click on event carousel card","Tests","Sun Feb 09 03:19:52 GMT 2025","passed","Sun Feb 09 03:20:00 GMT 2025","TestHomePage","test_HomePage","",""
"","12952","Site information appearance","Tests","Sun Feb 09 03:26:36 GMT 2025","passed","Sun Feb 09 03:26:49 GMT 2025","TestSites","test_Sites","",""
"","2178","Check the sponsors page accessibility","Tests","Sun Feb 09 03:18:46 GMT 2025","failed","Sun Feb 09 03:18:48 GMT 2025","TestAccessibility","test_Accessibility","",""
"","19","Site information location section","Tests","Sun Feb 09 03:26:39 GMT 2025","passed","Sun Feb 09 03:26:39 GMT 2025","TestSites","test_Sites","",""
"","43","Check events carousel appearance","Tests","Sun Feb 09 03:20:19 GMT 2025","passed","Sun Feb 09 03:20:19 GMT 2025","TestHomePage","test_HomePage","",""
"","7068","Navigate to Event information page","Tests","Sun Feb 09 03:19:46 GMT 2025","passed","Sun Feb 09 03:19:53 GMT 2025","TestEvents","test_Events","",""
"","1036","Name field appearance","Tests","Sun Feb 09 03:18:58 GMT 2025","passed","Sun Feb 09 03:18:59 GMT 2025","TestContactPage","test_ContactPage","",""
"","12","Check Hero Banner subtitle","Tests","Sun Feb 09 03:20:02 GMT 2025","passed","Sun Feb 09 03:20:02 GMT 2025","TestHomePage","test_HomePage","",""
"","10366","Save site button for logged user","Tests","Sun Feb 09 03:27:41 GMT 2025","passed","Sun Feb 09 03:27:52 GMT 2025","TestSites","test_Sites","",""
"","30","Welcome message text","Tests","Sun Feb 09 03:18:57 GMT 2025","passed","Sun Feb 09 03:18:57 GMT 2025","TestContactPage","test_ContactPage","",""
"","4506","Click Get Directions link","Tests","Sun Feb 09 03:19:18 GMT 2025","passed","Sun Feb 09 03:19:23 GMT 2025","TestEvents","test_Events","",""
"","8","Click Download section App Store button","Tests","Sun Feb 09 03:19:32 GMT 2025","passed","Sun Feb 09 03:19:32 GMT 2025","TestHomePage","test_HomePage","",""
"","11088","Check Retail sites","Tests","Sun Feb 09 03:21:08 GMT 2025","passed","Sun Feb 09 03:21:20 GMT 2025","TestSites","test_Sites","",""
"","1179","Age appearance","Tests","Sun Feb 09 03:18:18 GMT 2025","passed","Sun Feb 09 03:18:19 GMT 2025","TestContactPage","test_ContactPage","",""
"","13609","Check individual Historic site","Tests","Sun Feb 09 03:21:18 GMT 2025","passed","Sun Feb 09 03:21:32 GMT 2025","TestSites","test_Sites","",""
"","11096","Exhibit cards are not clickable","Tests","Sun Feb 09 03:27:30 GMT 2025","passed","Sun Feb 09 03:27:41 GMT 2025","TestSites","test_Sites","",""
"","19","Welcome message text","Tests","Sun Feb 09 03:18:19 GMT 2025","passed","Sun Feb 09 03:18:19 GMT 2025","TestContactPage","test_ContactPage","",""
"","44940","Scroll images with buttons","Tests","Sun Feb 09 03:25:37 GMT 2025","passed","Sun Feb 09 03:26:22 GMT 2025","TestSites","test_Sites","",""
"","92748","Saved site icon on site cards","Tests","Sun Feb 09 03:22:20 GMT 2025","passed","Sun Feb 09 03:23:53 GMT 2025","TestSites","test_Sites","",""
"","6","Check Download section image","Tests","Sun Feb 09 03:19:35 GMT 2025","passed","Sun Feb 09 03:19:35 GMT 2025","TestHomePage","test_HomePage","",""
"","923","Unsuccessfully login with email: simeon.hhl.qa@gmail.com and password: Test#123","Tests","Sun Feb 09 03:21:18 GMT 2025","passed","Sun Feb 09 03:21:19 GMT 2025","TestLogin","test_Login","",""
"","4141","Click save site button","Tests","Sun Feb 09 03:27:38 GMT 2025","passed","Sun Feb 09 03:27:42 GMT 2025","TestSites","test_Sites","",""
"","5","Site information section title","Tests","Sun Feb 09 03:26:49 GMT 2025","passed","Sun Feb 09 03:26:49 GMT 2025","TestSites","test_Sites","",""
"","5703","Navigate to Event information page","Tests","Sun Feb 09 03:19:13 GMT 2025","passed","Sun Feb 09 03:19:19 GMT 2025","TestEvents","test_Events","",""
"","5136","Taxi card link","Tests","Sun Feb 09 03:18:27 GMT 2025","passed","Sun Feb 09 03:18:32 GMT 2025","TestAboutPage","test_AboutPage","",""
"","5161","Check site carousel button","Tests","Sun Feb 09 03:19:32 GMT 2025","passed","Sun Feb 09 03:19:37 GMT 2025","TestHomePage","test_HomePage","",""
"","12430","Saved site icon on site cards","Tests","Sun Feb 09 03:24:48 GMT 2025","passed","Sun Feb 09 03:25:01 GMT 2025","TestSites","test_Sites","",""
"","21172","Unsave a site","Tests","Sun Feb 09 03:28:33 GMT 2025","passed","Sun Feb 09 03:28:54 GMT 2025","TestSites","test_Sites","",""
"","37","Events pages section titles","Tests","Sun Feb 09 03:18:54 GMT 2025","passed","Sun Feb 09 03:18:54 GMT 2025","TestEvents","test_Events","",""
"","10205","Save site button for logged user","Tests","Sun Feb 09 03:28:34 GMT 2025","passed","Sun Feb 09 03:28:44 GMT 2025","TestSites","test_Sites","",""
"","1035","Age appearance","Tests","Sun Feb 09 03:18:19 GMT 2025","passed","Sun Feb 09 03:18:20 GMT 2025","TestContactPage","test_ContactPage","",""
"","67","Populated message field","Tests","Sun Feb 09 03:19:00 GMT 2025","passed","Sun Feb 09 03:19:00 GMT 2025","TestContactPage","test_ContactPage","",""
"","43","Check sites carousel appearance","Tests","Sun Feb 09 03:20:07 GMT 2025","passed","Sun Feb 09 03:20:07 GMT 2025","TestHomePage","test_HomePage","",""
"","27","Welcome message text","Tests","Sun Feb 09 03:18:25 GMT 2025","passed","Sun Feb 09 03:18:25 GMT 2025","TestContactPage","test_ContactPage","",""
"","3030","Unsuccessfully login with email: simeon.hhl.qa@gmail.com and password: Test#123","Tests","Sun Feb 09 03:20:54 GMT 2025","passed","Sun Feb 09 03:20:57 GMT 2025","TestLogin","test_Login","",""
"","5458","Public transport card link","Tests","Sun Feb 09 03:17:53 GMT 2025","passed","Sun Feb 09 03:17:59 GMT 2025","TestAboutPage","test_AboutPage","",""
"","7","Check get Involved description","Tests","Sun Feb 09 03:29:25 GMT 2025","passed","Sun Feb 09 03:29:25 GMT 2025","TestSponsorsPage","test_SponsorsPage","",""
"","12334","Saved site icon on site cards","Tests","Sun Feb 09 03:23:54 GMT 2025","passed","Sun Feb 09 03:24:07 GMT 2025","TestSites","test_Sites","",""
"","30","Site information amenities section","Tests","Sun Feb 09 03:27:19 GMT 2025","passed","Sun Feb 09 03:27:19 GMT 2025","TestSites","test_Sites","",""
"","6","Check get Involved description","Tests","Sun Feb 09 03:28:56 GMT 2025","passed","Sun Feb 09 03:28:56 GMT 2025","TestSponsorsPage","test_SponsorsPage","",""
"","53447","Scroll trough images","Tests","Sun Feb 09 03:16:45 GMT 2025","passed","Sun Feb 09 03:17:38 GMT 2025","TestAboutPage","test_AboutPage","",""
"","2146","Unsuccessfully login with email: simeon.hhl.qagmail.com and password: Test#1234","Tests","Sun Feb 09 03:20:30 GMT 2025","passed","Sun Feb 09 03:20:32 GMT 2025","TestLogin","test_Login","",""
"","13","Check event carousel description","Tests","Sun Feb 09 03:19:46 GMT 2025","passed","Sun Feb 09 03:19:46 GMT 2025","TestHomePage","test_HomePage","",""
"","4","Check heading title description","Tests","Sun Feb 09 03:15:11 GMT 2025","passed","Sun Feb 09 03:15:11 GMT 2025","TestAboutPage","test_AboutPage","",""
"","8690","Check FAQ elements","Tests","Sun Feb 09 03:17:27 GMT 2025","passed","Sun Feb 09 03:17:36 GMT 2025","TestAboutPage","test_AboutPage","",""
"","13","Check the site tabs description","Tests","Sun Feb 09 03:21:42 GMT 2025","passed","Sun Feb 09 03:21:42 GMT 2025","TestSites","test_Sites","",""
"","22","Check heading title text","Tests","Sun Feb 09 03:15:14 GMT 2025","passed","Sun Feb 09 03:15:14 GMT 2025","TestAboutPage","test_AboutPage","",""
"","62718","Scroll images with buttons","Tests","Sun Feb 09 03:15:19 GMT 2025","passed","Sun Feb 09 03:16:21 GMT 2025","TestAboutPage","test_AboutPage","",""
"","1034","Site Information page appearance","Tests","Sun Feb 09 03:24:52 GMT 2025","passed","Sun Feb 09 03:24:53 GMT 2025","TestSites","test_Sites","",""
"","7178","User is navigated to the Login page","Tests","Sun Feb 09 03:21:07 GMT 2025","passed","Sun Feb 09 03:21:14 GMT 2025","TestLogin","test_Login","",""
"","648","Saved site is visible in the mobile app","Tests","Sun Feb 09 03:27:48 GMT 2025","passed","Sun Feb 09 03:27:49 GMT 2025","TestSites","test_Sites","",""
"","137","Email field validation","Tests","Sun Feb 09 03:19:00 GMT 2025","passed","Sun Feb 09 03:19:00 GMT 2025","TestContactPage","test_ContactPage","",""
"","11963","Events section appearance","Tests","Sun Feb 09 03:18:54 GMT 2025","passed","Sun Feb 09 03:19:06 GMT 2025","TestEvents","test_Events","",""
"","53","Email field validation","Tests","Sun Feb 09 03:18:21 GMT 2025","passed","Sun Feb 09 03:18:21 GMT 2025","TestContactPage","test_ContactPage","",""
"","28","Check Download section appearance","Tests","Sun Feb 09 03:19:34 GMT 2025","passed","Sun Feb 09 03:19:34 GMT 2025","TestHomePage","test_HomePage","",""
"","7158","Click on site carousel card","Tests","Sun Feb 09 03:19:41 GMT 2025","passed","Sun Feb 09 03:19:48 GMT 2025","TestHomePage","test_HomePage","",""
"","22301","Save site button for non logged user","Tests","Sun Feb 09 03:28:10 GMT 2025","passed","Sun Feb 09 03:28:32 GMT 2025","TestSites","test_Sites","",""
"","6789","User is navigated to the Login page","Tests","Sun Feb 09 03:20:43 GMT 2025","passed","Sun Feb 09 03:20:50 GMT 2025","TestLogin","test_Login","",""
"","225","Click Add to Calendar link","Tests","Sun Feb 09 03:19:24 GMT 2025","passed","Sun Feb 09 03:19:24 GMT 2025","TestEvents","test_Events","",""
"","22258","Site with no exhibits","Tests","Sun Feb 09 03:26:44 GMT 2025","passed","Sun Feb 09 03:27:06 GMT 2025","TestSites","test_Sites","",""
"","191","Email field validation","Tests","Sun Feb 09 03:18:27 GMT 2025","passed","Sun Feb 09 03:18:28 GMT 2025","TestContactPage","test_ContactPage","",""
"","7","Check site carousel title","Tests","Sun Feb 09 03:19:35 GMT 2025","passed","Sun Feb 09 03:19:35 GMT 2025","TestHomePage","test_HomePage","",""
"","11","Site information section summary","Tests","Sun Feb 09 03:26:39 GMT 2025","passed","Sun Feb 09 03:26:39 GMT 2025","TestSites","test_Sites","",""
"","18611","Image gallery with only one image","Tests","Sun Feb 09 03:15:18 GMT 2025","passed","Sun Feb 09 03:15:37 GMT 2025","TestAboutPage","test_AboutPage","",""
"","5163","Parking card link","Tests","Sun Feb 09 03:18:22 GMT 2025","passed","Sun Feb 09 03:18:27 GMT 2025","TestAboutPage","test_AboutPage","",""
"","11817","Events section appearance","Tests","Sun Feb 09 03:19:29 GMT 2025","passed","Sun Feb 09 03:19:41 GMT 2025","TestEvents","test_Events","",""
"","5527","Click on an event","Tests","Sun Feb 09 03:19:08 GMT 2025","passed","Sun Feb 09 03:19:13 GMT 2025","TestEvents","test_Events","",""
"","8","Check the site tabs title","Tests","Sun Feb 09 03:21:04 GMT 2025","passed","Sun Feb 09 03:21:04 GMT 2025","TestSites","test_Sites","",""
"","14","Themes section appearance","Tests","Sun Feb 09 03:15:11 GMT 2025","passed","Sun Feb 09 03:15:11 GMT 2025","TestAboutPage","test_AboutPage","",""
"","11116","Site Information page appearance","Tests","Sun Feb 09 03:25:11 GMT 2025","passed","Sun Feb 09 03:25:22 GMT 2025","TestSites","test_Sites","",""
"","7944","Check FAQ elements","Tests","Sun Feb 09 03:17:53 GMT 2025","passed","Sun Feb 09 03:18:01 GMT 2025","TestAboutPage","test_AboutPage","",""
"","25","Check heading title description","Tests","Sun Feb 09 03:15:14 GMT 2025","passed","Sun Feb 09 03:15:14 GMT 2025","TestAboutPage","test_AboutPage","",""
"","100","Login page appearance","Tests","Sun Feb 09 03:20:21 GMT 2025","passed","Sun Feb 09 03:20:21 GMT 2025","TestLogin","test_Login","",""
"","2788","Check main navigation","Tests","Sun Feb 09 03:20:33 GMT 2025","passed","Sun Feb 09 03:20:36 GMT 2025","TestHomePage","test_HomePage","",""
"","12105","Check individual Retail site","Tests","Sun Feb 09 03:21:32 GMT 2025","passed","Sun Feb 09 03:21:44 GMT 2025","TestSites","test_Sites","",""
"","10106","Saved sites without saved sites","Tests","Sun Feb 09 03:22:30 GMT 2025","passed","Sun Feb 09 03:22:40 GMT 2025","TestSites","test_Sites","",""
"","5114","Click on an event","Tests","Sun Feb 09 03:19:08 GMT 2025","passed","Sun Feb 09 03:19:13 GMT 2025","TestEvents","test_Events","",""
"","5464","Check event carousel button","Tests","Sun Feb 09 03:19:48 GMT 2025","passed","Sun Feb 09 03:19:54 GMT 2025","TestHomePage","test_HomePage","",""
"","6812","Click on event carousel card","Tests","Sun Feb 09 03:19:51 GMT 2025","passed","Sun Feb 09 03:19:58 GMT 2025","TestHomePage","test_HomePage","",""
"","44491","Scroll images with buttons","Tests","Sun Feb 09 03:24:58 GMT 2025","passed","Sun Feb 09 03:25:42 GMT 2025","TestSites","test_Sites","",""
"","21","Transport section appearance","Tests","Sun Feb 09 03:17:54 GMT 2025","passed","Sun Feb 09 03:17:54 GMT 2025","TestAboutPage","test_AboutPage","",""
"","6713","Successful login","Tests","Sun Feb 09 03:21:22 GMT 2025","passed","Sun Feb 09 03:21:28 GMT 2025","TestLogin","test_Login","",""
"","37","Event About section","Tests","Sun Feb 09 03:19:19 GMT 2025","passed","Sun Feb 09 03:19:19 GMT 2025","TestEvents","test_Events","",""
"","8","Check Hero Banner title","Tests","Sun Feb 09 03:19:29 GMT 2025","passed","Sun Feb 09 03:19:29 GMT 2025","TestHomePage","test_HomePage","",""
"","7580","User is navigated to the Sites page","Tests","Sun Feb 09 03:20:58 GMT 2025","passed","Sun Feb 09 03:21:05 GMT 2025","TestSites","test_Sites","",""
"","6873","User is navigated to the Sponsors page","Tests","Sun Feb 09 03:29:40 GMT 2025","passed","Sun Feb 09 03:29:47 GMT 2025","TestSponsorsPage","test_SponsorsPage","",""
"","5155","Taxi card link","Tests","Sun Feb 09 03:18:13 GMT 2025","passed","Sun Feb 09 03:18:18 GMT 2025","TestAboutPage","test_AboutPage","",""
"","4","Click Download section Google Play button","Tests","Sun Feb 09 03:19:34 GMT 2025","passed","Sun Feb 09 03:19:34 GMT 2025","TestHomePage","test_HomePage","",""
"","16","Check FAQ section title text","Tests","Sun Feb 09 03:17:38 GMT 2025","passed","Sun Feb 09 03:17:38 GMT 2025","TestAboutPage","test_AboutPage","",""
"","5208","Parking card link","Tests","Sun Feb 09 03:17:59 GMT 2025","passed","Sun Feb 09 03:18:04 GMT 2025","TestAboutPage","test_AboutPage","",""
"","22","Email field appearance","Tests","Sun Feb 09 03:19:00 GMT 2025","passed","Sun Feb 09 03:19:00 GMT 2025","TestContactPage","test_ContactPage","",""
"","1072","Age appearance","Tests","Sun Feb 09 03:18:57 GMT 2025","passed","Sun Feb 09 03:18:58 GMT 2025","TestContactPage","test_ContactPage","",""
"","8729","Expand FAQ elements","Tests","Sun Feb 09 03:17:45 GMT 2025","passed","Sun Feb 09 03:17:53 GMT 2025","TestAboutPage","test_AboutPage","",""
"","18","Message field appearance","Tests","Sun Feb 09 03:18:21 GMT 2025","passed","Sun Feb 09 03:18:21 GMT 2025","TestContactPage","test_ContactPage","",""
"","4","Benefits banners number","Tests","Sun Feb 09 03:29:48 GMT 2025","passed","Sun Feb 09 03:29:48 GMT 2025","TestSponsorsPage","test_SponsorsPage","",""
"","68","Secondary details","Tests","Sun Feb 09 03:18:22 GMT 2025","passed","Sun Feb 09 03:18:22 GMT 2025","TestContactPage","test_ContactPage","",""
"","21702","Unsave a site","Tests","Sun Feb 09 03:28:04 GMT 2025","passed","Sun Feb 09 03:28:25 GMT 2025","TestSites","test_Sites","",""
"","38","Site information amenities section","Tests","Sun Feb 09 03:26:39 GMT 2025","passed","Sun Feb 09 03:26:39 GMT 2025","TestSites","test_Sites","",""
"","6","Check heading title text","Tests","Sun Feb 09 03:15:11 GMT 2025","passed","Sun Feb 09 03:15:11 GMT 2025","TestAboutPage","test_AboutPage","",""
"","43","FAQ section appearance","Tests","Sun Feb 09 03:17:38 GMT 2025","passed","Sun Feb 09 03:17:38 GMT 2025","TestAboutPage","test_AboutPage","",""
"","44","Events pages section description","Tests","Sun Feb 09 03:18:57 GMT 2025","passed","Sun Feb 09 03:18:57 GMT 2025","TestEvents","test_Events","",""
"","27","Sponsors page welcome message appearance","Tests","Sun Feb 09 03:28:39 GMT 2025","passed","Sun Feb 09 03:28:39 GMT 2025","TestSponsorsPage","test_SponsorsPage","",""
"","11526","Saved sites without saved sites","Tests","Sun Feb 09 03:21:58 GMT 2025","passed","Sun Feb 09 03:22:09 GMT 2025","TestSites","test_Sites","",""
"","1","Events are in chronological order","Tests","Sun Feb 09 03:19:06 GMT 2025","passed","Sun Feb 09 03:19:06 GMT 2025","TestEvents","test_Events","",""
"","96","Event Information page appearance","Tests","Sun Feb 09 03:19:53 GMT 2025","passed","Sun Feb 09 03:19:54 GMT 2025","TestEvents","test_Events","",""
"","20","Check heading title text","Tests","Sun Feb 09 03:15:12 GMT 2025","passed","Sun Feb 09 03:15:12 GMT 2025","TestAboutPage","test_AboutPage","",""
"","16","Check Hero Banner title","Tests","Sun Feb 09 03:20:02 GMT 2025","passed","Sun Feb 09 03:20:02 GMT 2025","TestHomePage","test_HomePage","",""
"","9","Event Date and Time","Tests","Sun Feb 09 03:19:19 GMT 2025","passed","Sun Feb 09 03:19:19 GMT 2025","TestEvents","test_Events","",""
"","39","Events pages section description","Tests","Sun Feb 09 03:19:29 GMT 2025","passed","Sun Feb 09 03:19:29 GMT 2025","TestEvents","test_Events","",""
"","1","Check for expired events","Tests","Sun Feb 09 03:19:08 GMT 2025","passed","Sun Feb 09 03:19:08 GMT 2025","TestEvents","test_Events","",""
"","6900","Click on event carousel card","Tests","Sun Feb 09 03:19:54 GMT 2025","passed","Sun Feb 09 03:20:00 GMT 2025","TestHomePage","test_HomePage","",""
"","5","Check event carousel title","Tests","Sun Feb 09 03:19:47 GMT 2025","passed","Sun Feb 09 03:19:47 GMT 2025","TestHomePage","test_HomePage","",""
"","7834","User is navigated to the Sites page","Tests","Sun Feb 09 03:21:34 GMT 2025","passed","Sun Feb 09 03:21:41 GMT 2025","TestSites","test_Sites","",""
"","1112","About page appearance","Tests","Sun Feb 09 03:15:11 GMT 2025","passed","Sun Feb 09 03:15:12 GMT 2025","TestAboutPage","test_AboutPage","",""
"","10","Check presented sites order","Tests","Sun Feb 09 03:19:34 GMT 2025","passed","Sun Feb 09 03:19:34 GMT 2025","TestHomePage","test_HomePage","",""
"","95","Sponsors card section appearance","Tests","Sun Feb 09 03:29:24 GMT 2025","passed","Sun Feb 09 03:29:24 GMT 2025","TestSponsorsPage","test_SponsorsPage","",""
"","0","Event carousel cards without events","Tests","Sun Feb 09 03:20:00 GMT 2025","skipped","Sun Feb 09 03:20:00 GMT 2025","TestHomePage","test_HomePage","",""
"","5527","Check event carousel button","Tests","Sun Feb 09 03:19:47 GMT 2025","passed","Sun Feb 09 03:19:52 GMT 2025","TestHomePage","test_HomePage","",""
"","1070","Age appearance","Tests","Sun Feb 09 03:18:25 GMT 2025","passed","Sun Feb 09 03:18:26 GMT 2025","TestContactPage","test_ContactPage","",""
"","5144","Check event carousel button","Tests","Sun Feb 09 03:19:46 GMT 2025","passed","Sun Feb 09 03:19:51 GMT 2025","TestHomePage","test_HomePage","",""
"","19837","Image gallery with only one image","Tests","Sun Feb 09 03:15:02 GMT 2025","passed","Sun Feb 09 03:15:22 GMT 2025","TestAboutPage","test_AboutPage","",""
"","190","Sponsors card section appearance","Tests","Sun Feb 09 03:28:39 GMT 2025","passed","Sun Feb 09 03:28:39 GMT 2025","TestSponsorsPage","test_SponsorsPage","",""
"","3","Click Download section App Store button","Tests","Sun Feb 09 03:19:34 GMT 2025","passed","Sun Feb 09 03:19:34 GMT 2025","TestHomePage","test_HomePage","",""
"","4975","Check language switch","Tests","Sun Feb 09 03:20:36 GMT 2025","passed","Sun Feb 09 03:20:41 GMT 2025","TestHomePage","test_HomePage","",""
"","80","Check Download section analytic pairs","Tests","Sun Feb 09 03:19:32 GMT 2025","passed","Sun Feb 09 03:19:32 GMT 2025","TestHomePage","test_HomePage","",""
"","68","Correct saved sites cards are presented","Tests","Sun Feb 09 03:23:08 GMT 2025","passed","Sun Feb 09 03:23:08 GMT 2025","TestSites","test_Sites","",""
"","41","Check presented sites in the sites carousel","Tests","Sun Feb 09 03:19:34 GMT 2025","passed","Sun Feb 09 03:19:34 GMT 2025","TestHomePage","test_HomePage","",""
"","15","Welcome message appearance","Tests","Sun Feb 09 03:18:18 GMT 2025","passed","Sun Feb 09 03:18:18 GMT 2025","TestContactPage","test_ContactPage","",""
"","6904","Saved site is visible in the saved site section","Tests","Sun Feb 09 03:27:56 GMT 2025","passed","Sun Feb 09 03:28:03 GMT 2025","TestSites","test_Sites","",""
"","10019","Save site button for logged user","Tests","Sun Feb 09 03:27:27 GMT 2025","passed","Sun Feb 09 03:27:38 GMT 2025","TestSites","test_Sites","",""
"","5460","Check site carousel button","Tests","Sun Feb 09 03:19:34 GMT 2025","passed","Sun Feb 09 03:19:39 GMT 2025","TestHomePage","test_HomePage","",""
"","8688","Check FAQ elements","Tests","Sun Feb 09 03:17:28 GMT 2025","passed","Sun Feb 09 03:17:37 GMT 2025","TestAboutPage","test_AboutPage","",""
"","22868","Save site button for non logged user","Tests","Sun Feb 09 03:29:17 GMT 2025","passed","Sun Feb 09 03:29:40 GMT 2025","TestSites","test_Sites","",""
"","10","Check Download section title","Tests","Sun Feb 09 03:20:06 GMT 2025","passed","Sun Feb 09 03:20:06 GMT 2025","TestHomePage","test_HomePage","",""
"","735","Unsuccessfully login with email:  and password: Test#1234","Tests","Sun Feb 09 03:21:20 GMT 2025","passed","Sun Feb 09 03:21:21 GMT 2025","TestLogin","test_Login","",""
"","7276","Click on saved site card","Tests","Sun Feb 09 03:22:46 GMT 2025","passed","Sun Feb 09 03:22:53 GMT 2025","TestSites","test_Sites","",""
"","7","Check site carousel description","Tests","Sun Feb 09 03:19:35 GMT 2025","passed","Sun Feb 09 03:19:35 GMT 2025","TestHomePage","test_HomePage","",""
"","2330","Unsuccessfully login with email: simeon.hhl.qa@gmail.com and password: ","Tests","Sun Feb 09 03:20:34 GMT 2025","passed","Sun Feb 09 03:20:37 GMT 2025","TestLogin","test_Login","",""
"","4","Check Download section title","Tests","Sun Feb 09 03:19:34 GMT 2025","passed","Sun Feb 09 03:19:34 GMT 2025","TestHomePage","test_HomePage","",""
"","2500","Image gallery with more than one image","Tests","Sun Feb 09 03:16:01 GMT 2025","passed","Sun Feb 09 03:16:04 GMT 2025","TestAboutPage","test_AboutPage","",""
"","7452","Successful logout","Tests","Sun Feb 09 03:21:15 GMT 2025","passed","Sun Feb 09 03:21:23 GMT 2025","TestLogin","test_Login","",""
"","9","Check Hero Banner image","Tests","Sun Feb 09 03:19:29 GMT 2025","passed","Sun Feb 09 03:19:29 GMT 2025","TestHomePage","test_HomePage","",""
"","7","Check get Involved title","Tests","Sun Feb 09 03:29:25 GMT 2025","passed","Sun Feb 09 03:29:25 GMT 2025","TestSponsorsPage","test_SponsorsPage","",""
"","13","Check Hero Banner image","Tests","Sun Feb 09 03:20:02 GMT 2025","passed","Sun Feb 09 03:20:02 GMT 2025","TestHomePage","test_HomePage","",""
"","18","Site information about section","Tests","Sun Feb 09 03:27:46 GMT 2025","passed","Sun Feb 09 03:27:46 GMT 2025","TestSites","test_Sites","",""
"","391","Populated name field","Tests","Sun Feb 09 03:18:20 GMT 2025","passed","Sun Feb 09 03:18:21 GMT 2025","TestContactPage","test_ContactPage","",""
"","7711","Click on Get Directions link","Tests","Sun Feb 09 03:26:49 GMT 2025","passed","Sun Feb 09 03:26:57 GMT 2025","TestSites","test_Sites","",""
"","29","Check the welcome message text","Tests","Sun Feb 09 03:21:05 GMT 2025","passed","Sun Feb 09 03:21:05 GMT 2025","TestSites","test_Sites","",""
"","38","Benefits banners titles and descriptions","Tests","Sun Feb 09 03:29:25 GMT 2025","passed","Sun Feb 09 03:29:25 GMT 2025","TestSponsorsPage","test_SponsorsPage","",""
"","17","Site information location section","Tests","Sun Feb 09 03:27:46 GMT 2025","passed","Sun Feb 09 03:27:46 GMT 2025","TestSites","test_Sites","",""
"","7","Event Location section","Tests","Sun Feb 09 03:19:19 GMT 2025","passed","Sun Feb 09 03:19:19 GMT 2025","TestEvents","test_Events","",""
"","2651","Check main navigation","Tests","Sun Feb 09 03:20:05 GMT 2025","passed","Sun Feb 09 03:20:07 GMT 2025","TestHomePage","test_HomePage","",""
"","14267","Check Retail sites","Tests","Sun Feb 09 03:21:38 GMT 2025","passed","Sun Feb 09 03:21:53 GMT 2025","TestSites","test_Sites","",""
"","8","Site information location section","Tests","Sun Feb 09 03:26:49 GMT 2025","passed","Sun Feb 09 03:26:49 GMT 2025","TestSites","test_Sites","",""
"","29","Transport section appearance","Tests","Sun Feb 09 03:17:53 GMT 2025","passed","Sun Feb 09 03:17:53 GMT 2025","TestAboutPage","test_AboutPage","",""
"","5155","Parking card link","Tests","Sun Feb 09 03:18:07 GMT 2025","passed","Sun Feb 09 03:18:13 GMT 2025","TestAboutPage","test_AboutPage","",""
"","10","Welcome message text","Tests","Sun Feb 09 03:18:18 GMT 2025","passed","Sun Feb 09 03:18:18 GMT 2025","TestContactPage","test_ContactPage","",""
"","22","Check sites carousel appearance","Tests","Sun Feb 09 03:19:35 GMT 2025","passed","Sun Feb 09 03:19:35 GMT 2025","TestHomePage","test_HomePage","",""
"","2","Benefits banners number","Tests","Sun Feb 09 03:29:25 GMT 2025","passed","Sun Feb 09 03:29:25 GMT 2025","TestSponsorsPage","test_SponsorsPage","",""
"","4871","Image gallery with more than one image","Tests","Sun Feb 09 03:15:33 GMT 2025","passed","Sun Feb 09 03:15:38 GMT 2025","TestAboutPage","test_AboutPage","",""
"","19","Check presented events order","Tests","Sun Feb 09 03:19:48 GMT 2025","passed","Sun Feb 09 03:19:48 GMT 2025","TestHomePage","test_HomePage","",""
"","24","Sponsors page welcome message text","Tests","Sun Feb 09 03:29:47 GMT 2025","passed","Sun Feb 09 03:29:47 GMT 2025","TestSponsorsPage","test_SponsorsPage","",""
"","1041","Name field appearance","Tests","Sun Feb 09 03:18:26 GMT 2025","passed","Sun Feb 09 03:18:27 GMT 2025","TestContactPage","test_ContactPage","",""
"","9","Site information section summary","Tests","Sun Feb 09 03:27:46 GMT 2025","passed","Sun Feb 09 03:27:46 GMT 2025","TestSites","test_Sites","",""
"","18","Sponsors page welcome message appearance","Tests","Sun Feb 09 03:29:24 GMT 2025","passed","Sun Feb 09 03:29:24 GMT 2025","TestSponsorsPage","test_SponsorsPage","",""
"","25","Check the welcome message appearance","Tests","Sun Feb 09 03:21:05 GMT 2025","passed","Sun Feb 09 03:21:05 GMT 2025","TestSites","test_Sites","",""
"","13","Event Location section","Tests","Sun Feb 09 03:19:54 GMT 2025","passed","Sun Feb 09 03:19:54 GMT 2025","TestEvents","test_Events","",""
"","7","Check heading title description","Tests","Sun Feb 09 03:14:56 GMT 2025","passed","Sun Feb 09 03:14:56 GMT 2025","TestAboutPage","test_AboutPage","",""
"","4","Click Download section App Store button","Tests","Sun Feb 09 03:19:35 GMT 2025","passed","Sun Feb 09 03:19:35 GMT 2025","TestHomePage","test_HomePage","",""
"","89","Populated email field","Tests","Sun Feb 09 03:19:00 GMT 2025","passed","Sun Feb 09 03:19:00 GMT 2025","TestContactPage","test_ContactPage","",""
"","10151","Navigate to Site Information page","Tests","Sun Feb 09 03:24:42 GMT 2025","passed","Sun Feb 09 03:24:52 GMT 2025","TestSites","test_Sites","",""
"","47","Saved sites cards attributes","Tests","Sun Feb 09 03:22:45 GMT 2025","passed","Sun Feb 09 03:22:46 GMT 2025","TestSites","test_Sites","",""
"","51","Events pages section titles","Tests","Sun Feb 09 03:18:56 GMT 2025","passed","Sun Feb 09 03:18:57 GMT 2025","TestEvents","test_Events","",""
"","2220","Unsuccessfully login with email: simeon.hhl.qa@gmail.com and password: Test#123","Tests","Sun Feb 09 03:20:28 GMT 2025","passed","Sun Feb 09 03:20:30 GMT 2025","TestLogin","test_Login","",""
"","11","Check FAQ section description text","Tests","Sun Feb 09 03:17:53 GMT 2025","passed","Sun Feb 09 03:17:53 GMT 2025","TestAboutPage","test_AboutPage","",""
"","115","Populated email field","Tests","Sun Feb 09 03:18:27 GMT 2025","passed","Sun Feb 09 03:18:27 GMT 2025","TestContactPage","test_ContactPage","",""
"","41","Check Hero Banner appearance","Tests","Sun Feb 09 03:20:02 GMT 2025","passed","Sun Feb 09 03:20:02 GMT 2025","TestHomePage","test_HomePage","",""
"","98","Secondary details","Tests","Sun Feb 09 03:19:00 GMT 2025","passed","Sun Feb 09 03:19:00 GMT 2025","TestContactPage","test_ContactPage","",""
"","46","Correct saved sites cards are presented","Tests","Sun Feb 09 03:22:46 GMT 2025","passed","Sun Feb 09 03:22:46 GMT 2025","TestSites","test_Sites","",""
"","299","Check language switch","Tests","Sun Feb 09 03:21:06 GMT 2025","passed","Sun Feb 09 03:21:07 GMT 2025","TestHomePage","test_HomePage","",""
"","1034","Get Involved section appearance","Tests","Sun Feb 09 03:29:24 GMT 2025","passed","Sun Feb 09 03:29:25 GMT 2025","TestSponsorsPage","test_SponsorsPage","",""
"","9","The historic tab is selected by default","Tests","Sun Feb 09 03:21:33 GMT 2025","passed","Sun Feb 09 03:21:33 GMT 2025","TestSites","test_Sites","",""
"","7186","Click on saved site card","Tests","Sun Feb 09 03:22:13 GMT 2025","passed","Sun Feb 09 03:22:20 GMT 2025","TestSites","test_Sites","",""
"","63","Login page appearance","Tests","Sun Feb 09 03:20:50 GMT 2025","passed","Sun Feb 09 03:20:50 GMT 2025","TestLogin","test_Login","",""
"","39","Transport section card descriptions","Tests","Sun Feb 09 03:17:54 GMT 2025","passed","Sun Feb 09 03:17:54 GMT 2025","TestAboutPage","test_AboutPage","",""
"","18012","Image gallery with only one image","Tests","Sun Feb 09 03:15:20 GMT 2025","passed","Sun Feb 09 03:15:38 GMT 2025","TestAboutPage","test_AboutPage","",""
"","18","Check site carousel description","Tests","Sun Feb 09 03:19:32 GMT 2025","passed","Sun Feb 09 03:19:32 GMT 2025","TestHomePage","test_HomePage","",""
"","8","Site information location section","Tests","Sun Feb 09 03:27:19 GMT 2025","passed","Sun Feb 09 03:27:19 GMT 2025","TestSites","test_Sites","",""
"","235","Email field validation","Tests","Sun Feb 09 03:18:21 GMT 2025","passed","Sun Feb 09 03:18:21 GMT 2025","TestContactPage","test_ContactPage","",""
"","12089","Saved site icon on site cards","Tests","Sun Feb 09 03:23:53 GMT 2025","passed","Sun Feb 09 03:24:05 GMT 2025","TestSites","test_Sites","",""
"","5506","Check site carousel button","Tests","Sun Feb 09 03:19:35 GMT 2025","passed","Sun Feb 09 03:19:41 GMT 2025","TestHomePage","test_HomePage","",""
"","7","Check themes section title text","Tests","Sun Feb 09 03:14:56 GMT 2025","passed","Sun Feb 09 03:14:56 GMT 2025","TestAboutPage","test_AboutPage","",""
"","44","Check sections appearance","Tests","Sun Feb 09 03:19:30 GMT 2025","passed","Sun Feb 09 03:19:30 GMT 2025","TestHomePage","test_HomePage","",""
"","13192","Site with more than one photo","Tests","Sun Feb 09 03:24:49 GMT 2025","passed","Sun Feb 09 03:25:02 GMT 2025","TestSites","test_Sites","",""
"","19","Transport section card titles","Tests","Sun Feb 09 03:17:53 GMT 2025","passed","Sun Feb 09 03:17:53 GMT 2025","TestAboutPage","test_AboutPage","",""
"","6869","User is navigated to the About page","Tests","Sun Feb 09 03:14:48 GMT 2025","passed","Sun Feb 09 03:14:55 GMT 2025","TestAboutPage","test_AboutPage","",""
"","55229","Scroll images with buttons","Tests","Sun Feb 09 03:15:49 GMT 2025","passed","Sun Feb 09 03:16:45 GMT 2025","TestAboutPage","test_AboutPage","",""
"","10","Check event carousel title","Tests","Sun Feb 09 03:19:46 GMT 2025","passed","Sun Feb 09 03:19:46 GMT 2025","TestHomePage","test_HomePage","",""
"","12392","Site information appearance","Tests","Sun Feb 09 03:27:33 GMT 2025","passed","Sun Feb 09 03:27:45 GMT 2025","TestSites","test_Sites","",""
"","1039","Presented exhibits","Tests","Sun Feb 09 03:27:29 GMT 2025","passed","Sun Feb 09 03:27:30 GMT 2025","TestSites","test_Sites","",""
"","4191","Saved sites with saved sites","Tests","Sun Feb 09 03:22:09 GMT 2025","passed","Sun Feb 09 03:22:13 GMT 2025","TestSites","test_Sites","",""
"","21","Message field appearance","Tests","Sun Feb 09 03:19:00 GMT 2025","passed","Sun Feb 09 03:19:00 GMT 2025","TestContactPage","test_ContactPage","",""
"","15924","Event carousel cards without events","Tests","Sun Feb 09 03:20:37 GMT 2025","passed","Sun Feb 09 03:20:52 GMT 2025","TestHomePage","test_HomePage","",""
"","6","Check get Involved title","Tests","Sun Feb 09 03:28:56 GMT 2025","passed","Sun Feb 09 03:28:56 GMT 2025","TestSponsorsPage","test_SponsorsPage","",""
"","10975","Check Retail sites","Tests","Sun Feb 09 03:21:07 GMT 2025","passed","Sun Feb 09 03:21:18 GMT 2025","TestSites","test_Sites","",""
"","7824","Successful login","Tests","Sun Feb 09 03:21:07 GMT 2025","passed","Sun Feb 09 03:21:15 GMT 2025","TestLogin","test_Login","",""
"","4836","Successful logout","Tests","Sun Feb 09 03:21:28 GMT 2025","passed","Sun Feb 09 03:21:33 GMT 2025","TestLogin","test_Login","",""
"","4242","Click save site button","Tests","Sun Feb 09 03:28:21 GMT 2025","passed","Sun Feb 09 03:28:25 GMT 2025","TestSites","test_Sites","",""
"","24","Check events carousel appearance","Tests","Sun Feb 09 03:19:47 GMT 2025","passed","Sun Feb 09 03:19:47 GMT 2025","TestHomePage","test_HomePage","",""
"","8","Click Download section App Store button","Tests","Sun Feb 09 03:20:07 GMT 2025","passed","Sun Feb 09 03:20:07 GMT 2025","TestHomePage","test_HomePage","",""
"","47676","Scroll trough images","Tests","Sun Feb 09 03:25:48 GMT 2025","passed","Sun Feb 09 03:26:36 GMT 2025","TestSites","test_Sites","",""
"","36","Check the welcome message appearance","Tests","Sun Feb 09 03:21:04 GMT 2025","passed","Sun Feb 09 03:21:04 GMT 2025","TestSites","test_Sites","",""
"","77","Check presented events in the events carousel","Tests","Sun Feb 09 03:19:47 GMT 2025","passed","Sun Feb 09 03:19:47 GMT 2025","TestHomePage","test_HomePage","",""
"","6731","User is navigated to the Contact page","Tests","Sun Feb 09 03:18:11 GMT 2025","passed","Sun Feb 09 03:18:18 GMT 2025","TestContactPage","test_ContactPage","",""
"","14382","Site with more than one photo","Tests","Sun Feb 09 03:25:23 GMT 2025","passed","Sun Feb 09 03:25:37 GMT 2025","TestSites","test_Sites","",""
"","4132","Get in touch button","Tests","Sun Feb 09 03:29:48 GMT 2025","passed","Sun Feb 09 03:29:53 GMT 2025","TestSponsorsPage","test_SponsorsPage","",""
"","121","Populated message field","Tests","Sun Feb 09 03:18:28 GMT 2025","passed","Sun Feb 09 03:18:28 GMT 2025","TestContactPage","test_ContactPage","",""
"","7","Event Title","Tests","Sun Feb 09 03:19:19 GMT 2025","passed","Sun Feb 09 03:19:19 GMT 2025","TestEvents","test_Events","",""
"","7848","User is navigated to the Sites page","Tests","Sun Feb 09 03:21:25 GMT 2025","passed","Sun Feb 09 03:21:33 GMT 2025","TestSites","test_Sites","",""
"","48","Events pages section titles","Tests","Sun Feb 09 03:19:29 GMT 2025","passed","Sun Feb 09 03:19:29 GMT 2025","TestEvents","test_Events","",""
"","8638","Expand FAQ elements","Tests","Sun Feb 09 03:17:37 GMT 2025","passed","Sun Feb 09 03:17:45 GMT 2025","TestAboutPage","test_AboutPage","",""
"","7","Check Hero Banner subtitle","Tests","Sun Feb 09 03:19:31 GMT 2025","passed","Sun Feb 09 03:19:31 GMT 2025","TestHomePage","test_HomePage","",""
"","11090","Exhibit cards are not clickable","Tests","Sun Feb 09 03:27:16 GMT 2025","passed","Sun Feb 09 03:27:27 GMT 2025","TestSites","test_Sites","",""
"","1139","About page appearance","Tests","Sun Feb 09 03:15:13 GMT 2025","passed","Sun Feb 09 03:15:14 GMT 2025","TestAboutPage","test_AboutPage","",""
"","7015","Click on event carousel card","Tests","Sun Feb 09 03:20:24 GMT 2025","passed","Sun Feb 09 03:20:31 GMT 2025","TestHomePage","test_HomePage","",""
"","2804","Unsuccessfully login with email: simeon.hhl.qa@gmail.com and password: ","Tests","Sun Feb 09 03:21:04 GMT 2025","passed","Sun Feb 09 03:21:07 GMT 2025","TestLogin","test_Login","",""
"","67","Check sections appearance","Tests","Sun Feb 09 03:19:29 GMT 2025","passed","Sun Feb 09 03:19:29 GMT 2025","TestHomePage","test_HomePage","",""
"","5440","Click on an event","Tests","Sun Feb 09 03:19:06 GMT 2025","passed","Sun Feb 09 03:19:11 GMT 2025","TestEvents","test_Events","",""
"","28","Check presented sites order","Tests","Sun Feb 09 03:20:07 GMT 2025","passed","Sun Feb 09 03:20:07 GMT 2025","TestHomePage","test_HomePage","",""
"","919","Unsuccessfully login with email:  and password: Test#1234","Tests","Sun Feb 09 03:20:46 GMT 2025","passed","Sun Feb 09 03:20:47 GMT 2025","TestLogin","test_Login","",""
"","5127","Check event carousel button","Tests","Sun Feb 09 03:20:19 GMT 2025","passed","Sun Feb 09 03:20:24 GMT 2025","TestHomePage","test_HomePage","",""
"","170","Sponsors card section appearance","Tests","Sun Feb 09 03:29:47 GMT 2025","passed","Sun Feb 09 03:29:47 GMT 2025","TestSponsorsPage","test_SponsorsPage","",""
"","23521","Successful message send","Tests","Sun Feb 09 03:18:22 GMT 2025","passed","Sun Feb 09 03:18:45 GMT 2025","TestContactPage","test_ContactPage","",""
"","5449","Parking card link","Tests","Sun Feb 09 03:18:00 GMT 2025","passed","Sun Feb 09 03:18:05 GMT 2025","TestAboutPage","test_AboutPage","",""
"","11792","Check individual Retail site","Tests","Sun Feb 09 03:22:05 GMT 2025","passed","Sun Feb 09 03:22:17 GMT 2025","TestSites","test_Sites","",""
"","16","Events pages section description","Tests","Sun Feb 09 03:18:54 GMT 2025","passed","Sun Feb 09 03:18:54 GMT 2025","TestEvents","test_Events","",""
"","9","Click Download section Google Play button","Tests","Sun Feb 09 03:19:32 GMT 2025","passed","Sun Feb 09 03:19:32 GMT 2025","TestHomePage","test_HomePage","",""
"","6","Site information section summary","Tests","Sun Feb 09 03:26:49 GMT 2025","passed","Sun Feb 09 03:26:49 GMT 2025","TestSites","test_Sites","",""
"","16","Benefits banner appearance","Tests","Sun Feb 09 03:28:40 GMT 2025","passed","Sun Feb 09 03:28:40 GMT 2025","TestSponsorsPage","test_SponsorsPage","",""
"","38","Themes section appearance","Tests","Sun Feb 09 03:15:12 GMT 2025","passed","Sun Feb 09 03:15:12 GMT 2025","TestAboutPage","test_AboutPage","",""
"","3098","Click back button","Tests","Sun Feb 09 03:24:16 GMT 2025","passed","Sun Feb 09 03:24:19 GMT 2025","TestSites","test_Sites","",""
"","6662","User is navigated to the Events page","Tests","Sun Feb 09 03:18:50 GMT 2025","passed","Sun Feb 09 03:18:56 GMT 2025","TestEvents","test_Events","",""
"","6081","Check the home page accessibility","Tests","Sun Feb 09 03:18:33 GMT 2025","failed","Sun Feb 09 03:18:39 GMT 2025","TestAccessibility","test_Accessibility","",""
"","23","Message field appearance","Tests","Sun Feb 09 03:18:28 GMT 2025","passed","Sun Feb 09 03:18:28 GMT 2025","TestContactPage","test_ContactPage","",""
"","50","Check Download section analytic pairs","Tests","Sun Feb 09 03:19:35 GMT 2025","passed","Sun Feb 09 03:19:35 GMT 2025","TestHomePage","test_HomePage","",""
"","4000","Saved sites with saved sites","Tests","Sun Feb 09 03:22:09 GMT 2025","passed","Sun Feb 09 03:22:13 GMT 2025","TestSites","test_Sites","",""
"","124","Check presented events in the events carousel","Tests","Sun Feb 09 03:20:19 GMT 2025","passed","Sun Feb 09 03:20:19 GMT 2025","TestHomePage","test_HomePage","",""
"","120","Check themes cards","Tests","Sun Feb 09 03:15:12 GMT 2025","passed","Sun Feb 09 03:15:13 GMT 2025","TestAboutPage","test_AboutPage","",""
"","11800","Saved sites without saved sites","Tests","Sun Feb 09 03:22:51 GMT 2025","passed","Sun Feb 09 03:23:03 GMT 2025","TestSites","test_Sites","",""
"","4467","Get in touch button","Tests","Sun Feb 09 03:29:26 GMT 2025","passed","Sun Feb 09 03:29:31 GMT 2025","TestSponsorsPage","test_SponsorsPage","",""
"","24","Transport section card descriptions","Tests","Sun Feb 09 03:17:53 GMT 2025","passed","Sun Feb 09 03:17:53 GMT 2025","TestAboutPage","test_AboutPage","",""
"","6663","User is navigated to the Contact page","Tests","Sun Feb 09 03:18:18 GMT 2025","passed","Sun Feb 09 03:18:25 GMT 2025","TestContactPage","test_ContactPage","",""
"","107","Saved sites cards attributes","Tests","Sun Feb 09 03:23:08 GMT 2025","passed","Sun Feb 09 03:23:08 GMT 2025","TestSites","test_Sites","",""
"","136","Populated name field","Tests","Sun Feb 09 03:18:27 GMT 2025","passed","Sun Feb 09 03:18:27 GMT 2025","TestContactPage","test_ContactPage","",""
"","7","Benefits banner appearance","Tests","Sun Feb 09 03:28:56 GMT 2025","passed","Sun Feb 09 03:28:56 GMT 2025","TestSponsorsPage","test_SponsorsPage","",""
"","10","Event Title","Tests","Sun Feb 09 03:19:54 GMT 2025","passed","Sun Feb 09 03:19:54 GMT 2025","TestEvents","test_Events","",""
"","3","Event Location section","Tests","Sun Feb 09 03:19:18 GMT 2025","passed","Sun Feb 09 03:19:18 GMT 2025","TestEvents","test_Events","",""
"","32","Check presented events order","Tests","Sun Feb 09 03:19:46 GMT 2025","passed","Sun Feb 09 03:19:46 GMT 2025","TestHomePage","test_HomePage","",""
"","15","Site information section title","Tests","Sun Feb 09 03:26:39 GMT 2025","passed","Sun Feb 09 03:26:39 GMT 2025","TestSites","test_Sites","",""
"","13823","Saved sites for non logged user","Tests","Sun Feb 09 03:22:37 GMT 2025","passed","Sun Feb 09 03:22:51 GMT 2025","TestSites","test_Sites","",""
"","15","Check Hero Banner title","Tests","Sun Feb 09 03:19:27 GMT 2025","passed","Sun Feb 09 03:19:27 GMT 2025","TestHomePage","test_HomePage","",""
"","5","Check FAQ section description text","Tests","Sun Feb 09 03:17:27 GMT 2025","passed","Sun Feb 09 03:17:27 GMT 2025","TestAboutPage","test_AboutPage","",""
"","4741","User is navigated to the Home page","Tests","Sun Feb 09 03:19:24 GMT 2025","passed","Sun Feb 09 03:19:29 GMT 2025","TestHomePage","test_HomePage","",""
"","10959","User is navigated to the About page","Tests","Sun Feb 09 03:14:58 GMT 2025","passed","Sun Feb 09 03:15:09 GMT 2025","TestAboutPage","test_AboutPage","",""
"","7","Check themes section description text","Tests","Sun Feb 09 03:15:11 GMT 2025","passed","Sun Feb 09 03:15:11 GMT 2025","TestAboutPage","test_AboutPage","",""
"","7","Event Opening time section","Tests","Sun Feb 09 03:19:19 GMT 2025","passed","Sun Feb 09 03:19:19 GMT 2025","TestEvents","test_Events","",""
"","62","Benefits banners titles and descriptions","Tests","Sun Feb 09 03:28:40 GMT 2025","passed","Sun Feb 09 03:28:40 GMT 2025","TestSponsorsPage","test_SponsorsPage","",""
"","14","Sponsors page welcome message appearance","Tests","Sun Feb 09 03:28:55 GMT 2025","passed","Sun Feb 09 03:28:55 GMT 2025","TestSponsorsPage","test_SponsorsPage","",""
"","1061","About page appearance","Tests","Sun Feb 09 03:14:55 GMT 2025","passed","Sun Feb 09 03:14:56 GMT 2025","TestAboutPage","test_AboutPage","",""
"","5469","Taxi card link","Tests","Sun Feb 09 03:18:05 GMT 2025","passed","Sun Feb 09 03:18:10 GMT 2025","TestAboutPage","test_AboutPage","",""
"","5284","Saved sites with saved sites","Tests","Sun Feb 09 03:23:03 GMT 2025","passed","Sun Feb 09 03:23:08 GMT 2025","TestSites","test_Sites","",""
"","3210","Check Historic sites","Tests","Sun Feb 09 03:21:04 GMT 2025","passed","Sun Feb 09 03:21:07 GMT 2025","TestSites","test_Sites","",""
"","14","Check FAQ section title text","Tests","Sun Feb 09 03:17:53 GMT 2025","passed","Sun Feb 09 03:17:53 GMT 2025","TestAboutPage","test_AboutPage","",""
"","13","Check the welcome message text","Tests","Sun Feb 09 03:21:04 GMT 2025","passed","Sun Feb 09 03:21:04 GMT 2025","TestSites","test_Sites","",""
"","10","Check themes section description text","Tests","Sun Feb 09 03:15:14 GMT 2025","passed","Sun Feb 09 03:15:14 GMT 2025","TestAboutPage","test_AboutPage","",""
"","94913","Saved site icon on site cards","Tests","Sun Feb 09 03:22:53 GMT 2025","passed","Sun Feb 09 03:24:28 GMT 2025","TestSites","test_Sites","",""
"","15","Check Download section description","Tests","Sun Feb 09 03:20:06 GMT 2025","passed","Sun Feb 09 03:20:06 GMT 2025","TestHomePage","test_HomePage","",""
"","4345","Check Hero Banner button","Tests","Sun Feb 09 03:19:29 GMT 2025","passed","Sun Feb 09 03:19:34 GMT 2025","TestHomePage","test_HomePage","",""
"","12984","Saved sites for non logged user","Tests","Sun Feb 09 03:21:44 GMT 2025","passed","Sun Feb 09 03:21:57 GMT 2025","TestSites","test_Sites","",""
"","4280","Get in touch button","Tests","Sun Feb 09 03:28:56 GMT 2025","passed","Sun Feb 09 03:29:01 GMT 2025","TestSponsorsPage","test_SponsorsPage","",""
"","2308","Check the site page accessibility","Tests","Sun Feb 09 03:18:39 GMT 2025","failed","Sun Feb 09 03:18:41 GMT 2025","TestAccessibility","test_Accessibility","",""
"","11","Check Download section title","Tests","Sun Feb 09 03:19:31 GMT 2025","passed","Sun Feb 09 03:19:31 GMT 2025","TestHomePage","test_HomePage","",""
"","820","Unsuccessfully login with email: simeon.hhl.qa@gmail.com and password: ","Tests","Sun Feb 09 03:20:47 GMT 2025","passed","Sun Feb 09 03:20:48 GMT 2025","TestLogin","test_Login","",""
"","22215","Site with no exhibits","Tests","Sun Feb 09 03:27:50 GMT 2025","passed","Sun Feb 09 03:28:13 GMT 2025","TestSites","test_Sites","",""
"","7089","User is navigated to the Login page","Tests","Sun Feb 09 03:20:13 GMT 2025","passed","Sun Feb 09 03:20:21 GMT 2025","TestLogin","test_Login","",""
"","24","Check Hero Banner appearance","Tests","Sun Feb 09 03:19:29 GMT 2025","passed","Sun Feb 09 03:19:29 GMT 2025","TestHomePage","test_HomePage","",""
"","1","Check for expired events","Tests","Sun Feb 09 03:19:08 GMT 2025","passed","Sun Feb 09 03:19:08 GMT 2025","TestEvents","test_Events","",""
"","1","Events are in chronological order","Tests","Sun Feb 09 03:19:41 GMT 2025","passed","Sun Feb 09 03:19:41 GMT 2025","TestEvents","test_Events","",""
"","16","Sponsors page welcome message text","Tests","Sun Feb 09 03:29:24 GMT 2025","passed","Sun Feb 09 03:29:24 GMT 2025","TestSponsorsPage","test_SponsorsPage","",""
"","4079","Click Get Directions link","Tests","Sun Feb 09 03:19:19 GMT 2025","passed","Sun Feb 09 03:19:24 GMT 2025","TestEvents","test_Events","",""
"","2859","Image gallery with more than one image","Tests","Sun Feb 09 03:15:16 GMT 2025","passed","Sun Feb 09 03:15:19 GMT 2025","TestAboutPage","test_AboutPage","",""
"","7","Check themes section description text","Tests","Sun Feb 09 03:14:56 GMT 2025","passed","Sun Feb 09 03:14:56 GMT 2025","TestAboutPage","test_AboutPage","",""
"","26658","Site with only one photo","Tests","Sun Feb 09 03:24:19 GMT 2025","passed","Sun Feb 09 03:24:46 GMT 2025","TestSites","test_Sites","",""
"","72","Check Download section appearance","Tests","Sun Feb 09 03:19:31 GMT 2025","passed","Sun Feb 09 03:19:31 GMT 2025","TestHomePage","test_HomePage","",""
"","22700","Save site button for non logged user","Tests","Sun Feb 09 03:28:25 GMT 2025","passed","Sun Feb 09 03:28:48 GMT 2025","TestSites","test_Sites","",""
"","9187","Site with exhibits","Tests","Sun Feb 09 03:28:13 GMT 2025","passed","Sun Feb 09 03:28:22 GMT 2025","TestSites","test_Sites","",""
"","4","Check Download section image","Tests","Sun Feb 09 03:19:34 GMT 2025","passed","Sun Feb 09 03:19:34 GMT 2025","TestHomePage","test_HomePage","",""
"","10993","Check Retail sites","Tests","Sun Feb 09 03:21:45 GMT 2025","passed","Sun Feb 09 03:21:56 GMT 2025","TestSites","test_Sites","",""
"","361","Populated email field","Tests","Sun Feb 09 03:18:21 GMT 2025","passed","Sun Feb 09 03:18:21 GMT 2025","TestContactPage","test_ContactPage","",""
"","15","Benefits banner appearance","Tests","Sun Feb 09 03:29:48 GMT 2025","passed","Sun Feb 09 03:29:48 GMT 2025","TestSponsorsPage","test_SponsorsPage","",""
"","84","Login page appearance","Tests","Sun Feb 09 03:21:14 GMT 2025","passed","Sun Feb 09 03:21:14 GMT 2025","TestLogin","test_Login","",""
"","12392","Site information appearance","Tests","Sun Feb 09 03:26:26 GMT 2025","passed","Sun Feb 09 03:26:39 GMT 2025","TestSites","test_Sites","",""
"","4848","Click on Get Directions link","Tests","Sun Feb 09 03:27:46 GMT 2025","passed","Sun Feb 09 03:27:50 GMT 2025","TestSites","test_Sites","",""
"","7","Check FAQ section description text","Tests","Sun Feb 09 03:17:28 GMT 2025","passed","Sun Feb 09 03:17:28 GMT 2025","TestAboutPage","test_AboutPage","",""
"","10","Check FAQ section description text","Tests","Sun Feb 09 03:17:38 GMT 2025","passed","Sun Feb 09 03:17:38 GMT 2025","TestAboutPage","test_AboutPage","",""
"","4149","Check Hero Banner button","Tests","Sun Feb 09 03:20:02 GMT 2025","passed","Sun Feb 09 03:20:06 GMT 2025","TestHomePage","test_HomePage","",""
"","4140","Get in touch button","Tests","Sun Feb 09 03:28:40 GMT 2025","passed","Sun Feb 09 03:28:44 GMT 2025","TestSponsorsPage","test_SponsorsPage","",""
"","2777","Unsuccessfully login with email:  and password: Test#1234","Tests","Sun Feb 09 03:21:02 GMT 2025","passed","Sun Feb 09 03:21:04 GMT 2025","TestLogin","test_Login","",""
"","0","Image gallery with only one image","Tests","Sun Feb 09 03:15:11 GMT 2025","skipped","Sun Feb 09 03:15:11 GMT 2025","TestAboutPage","test_AboutPage","",""
"","69","Check themes cards","Tests","Sun Feb 09 03:14:56 GMT 2025","passed","Sun Feb 09 03:14:56 GMT 2025","TestAboutPage","test_AboutPage","",""
"","124","Secondary details","Tests","Sun Feb 09 03:18:21 GMT 2025","passed","Sun Feb 09 03:18:21 GMT 2025","TestContactPage","test_ContactPage","",""
"","11751","Events section appearance","Tests","Sun Feb 09 03:18:57 GMT 2025","passed","Sun Feb 09 03:19:08 GMT 2025","TestEvents","test_Events","",""
"","23","The historic tab is selected by default","Tests","Sun Feb 09 03:21:42 GMT 2025","passed","Sun Feb 09 03:21:42 GMT 2025","TestSites","test_Sites","",""
"","33","Events pages section titles","Tests","Sun Feb 09 03:18:54 GMT 2025","passed","Sun Feb 09 03:18:54 GMT 2025","TestEvents","test_Events","",""
"","0","Check for expired events","Tests","Sun Feb 09 03:19:41 GMT 2025","passed","Sun Feb 09 03:19:41 GMT 2025","TestEvents","test_Events","",""
"","6945","Navigate to Event information page","Tests","Sun Feb 09 03:19:11 GMT 2025","passed","Sun Feb 09 03:19:18 GMT 2025","TestEvents","test_Events","",""
"","7973","User is navigated to the About page","Tests","Sun Feb 09 03:15:05 GMT 2025","passed","Sun Feb 09 03:15:13 GMT 2025","TestAboutPage","test_AboutPage","",""
"","79","Click Add to Calendar link","Tests","Sun Feb 09 03:19:23 GMT 2025","skipped","Sun Feb 09 03:19:23 GMT 2025","TestEvents","test_Events","",""
"","4760","Successful logout","Tests","Sun Feb 09 03:20:49 GMT 2025","passed","Sun Feb 09 03:20:54 GMT 2025","TestLogin","test_Login","",""
"","23","Email field appearance","Tests","Sun Feb 09 03:18:27 GMT 2025","passed","Sun Feb 09 03:18:27 GMT 2025","TestContactPage","test_ContactPage","",""
"","1073","Site Information page appearance","Tests","Sun Feb 09 03:24:15 GMT 2025","passed","Sun Feb 09 03:24:16 GMT 2025","TestSites","test_Sites","",""
"","4","Event Title","Tests","Sun Feb 09 03:19:18 GMT 2025","passed","Sun Feb 09 03:19:18 GMT 2025","TestEvents","test_Events","",""
"","4","Check site carousel title","Tests","Sun Feb 09 03:19:34 GMT 2025","passed","Sun Feb 09 03:19:34 GMT 2025","TestHomePage","test_HomePage","",""
"","39","Check Hero Banner appearance","Tests","Sun Feb 09 03:19:27 GMT 2025","passed","Sun Feb 09 03:19:27 GMT 2025","TestHomePage","test_HomePage","",""
"","5655","Public transport card link","Tests","Sun Feb 09 03:18:16 GMT 2025","passed","Sun Feb 09 03:18:22 GMT 2025","TestAboutPage","test_AboutPage","",""
"","44445","Scroll images with buttons","Tests","Sun Feb 09 03:26:04 GMT 2025","passed","Sun Feb 09 03:26:49 GMT 2025","TestSites","test_Sites","",""
"","168","Populated name field","Tests","Sun Feb 09 03:18:59 GMT 2025","passed","Sun Feb 09 03:19:00 GMT 2025","TestContactPage","test_ContactPage","",""
"","37","Saved sites cards attributes","Tests","Sun Feb 09 03:22:13 GMT 2025","passed","Sun Feb 09 03:22:13 GMT 2025","TestSites","test_Sites","",""
"","4417","Successful logout","Tests","Sun Feb 09 03:20:53 GMT 2025","passed","Sun Feb 09 03:20:57 GMT 2025","TestLogin","test_Login","",""
"","7908","Expand FAQ elements","Tests","Sun Feb 09 03:17:54 GMT 2025","passed","Sun Feb 09 03:18:02 GMT 2025","TestAboutPage","test_AboutPage","",""
"","26","Events pages section description","Tests","Sun Feb 09 03:18:54 GMT 2025","passed","Sun Feb 09 03:18:54 GMT 2025","TestEvents","test_Events","",""
